date,last,open,high,low,%change,volume,is_trading_day,sentiment_score,impact_score,has_news,medium_term_score,prominence,topic_regulatory_news,topic_ai_sector,topic_corporate_changes,topic_financial_performance,topic_investor_sentiment,topic_competition,topic_market_conditions,timeliness,confidence,topic_technology,short_term_score,relevance_score,direct_impact,target_mentioned,sentiment_label,day_of_week,day_of_month,month,year
2023-09-19,-1.4912157398008086,-1.3757988224091307,-1.3989748975067056,-1.4400621357028225,-0.8667037505928035,-0.3187521485416573,1,0.4285714285714285,0.5512328767123288,0.0,0.0,0.0,0.0,0.0,0.0,0.0,0.0,0.0,0.0,0.0,0.0,0.0,0.0,0.0,0.0,0.0,0.0,0.25,0.6,0.7272727272727273,0.0
2023-09-20,-1.3889682054995356,-1.4978070409071245,-1.4890738304558129,-1.419500656073633,0.7272928783750646,3.3948452799349345,1,0.3061224489795918,0.3287671232876712,0.0,0.0,0.0,0.0,0.0,0.0,0.0,0.0,0.0,0.0,0.0,0.0,0.0,0.0,0.0,0.0,0.0,0.0,0.5,0.6333333333333333,0.7272727272727273,0.0
2023-09-21,-1.4912157398008086,-1.3963183864292477,-1.4189058735833264,-1.419500656073633,-0.7904691292073838,-0.3202514295234092,1,0.2244897959183673,0.3287671232876712,0.0,0.0,0.0,0.0,0.0,0.0,0.0,0.0,0.0,0.0,0.0,0.0,0.0,0.0,0.0,0.0,0.0,0.0,0.75,0.6666666666666666,0.7272727272727273,0.0
2023-09-22,-1.3171714396103904,-1.5793307141762385,-1.4189058735833264,-1.604638126131812,1.2678656481989503,-0.3152268121791596,1,0.4438775510204081,0.5342465753424657,0.0,0.0,0.0,0.0,0.0,0.0,0.0,0.0,0.0,0.0,0.0,0.0,0.0,0.0,0.0,0.0,0.0,0.0,1.0,0.7,0.7272727272727273,0.0
2023-09-25,-1.5118887385393174,-1.3250544951701921,-1.4189058735833264,-1.46062361533201,-1.4627198814242672,-0.3195625706939556,1,0.34110787172011653,0.6105675146771037,0.0,0.0,0.0,0.0,0.0,0.0,0.0,0.0,0.0,0.0,0.0,0.0,0.0,0.0,0.0,0.0,0.0,0.0,0.0,0.8,0.7272727272727273,0.0
2023-09-26,-1.6655394048390446,-1.4775647682926845,-1.5690707618318385,-1.604638126131812,-1.1855030763863772,-0.3191168385101915,1,0.34110787172011653,0.5166340508806262,0.0,0.0,0.0,0.0,0.0,0.0,0.0,0.0,0.0,0.0,0.0,0.0,0.0,0.0,0.0,0.0,0.0,0.0,0.25,0.8333333333333334,0.7272727272727273,0.0
2023-09-27,-1.65520290546979,-1.670836878049734,-1.6892026724306481,-1.594343360751305,0.04118128590628657,-0.319359965155881,1,0.3265306122448979,0.365296803652968,0.0,0.0,0.0,0.0,0.0,0.0,0.0,0.0,0.0,0.0,0.0,0.0,0.0,0.0,0.0,0.0,0.0,0.0,0.5,0.8666666666666667,0.7272727272727273,0.0
2023-09-28,-1.6655394048390446,-1.670836878049734,-1.6892026724306481,-1.594343360751305,-0.11128795686455298,3.518069968191894,1,0.4285714285714285,0.365296803652968,0.0,0.0,0.0,0.0,0.0,0.0,0.0,0.0,0.0,0.0,0.0,0.0,0.0,0.0,0.0,0.0,0.0,0.0,0.75,0.9,0.7272727272727273,0.0
2023-09-29,-1.6655394048390446,-1.6605770960396753,-1.6791006708575664,-1.604638126131812,-0.03505333547913321,2.6726781000219013,1,0.4285714285714285,0.5342465753424657,0.0,0.0,0.0,0.0,0.0,0.0,0.0,0.0,0.0,0.0,0.0,0.0,0.0,0.0,0.0,0.0,0.0,0.0,1.0,0.9333333333333333,0.7272727272727273,0.0
2023-10-02,-1.7473933052496264,-1.670836878049734,-1.6993046740037299,-1.686940146912221,-0.658791146814386,3.476616875101835,1,0.4285714285714285,0.547945205479452,0.0,0.0,0.0,0.0,0.0,0.0,0.0,0.0,0.0,0.0,0.0,0.0,0.0,0.0,0.0,0.0,0.0,0.0,0.0,0.03333333333333333,0.8181818181818182,0.0
2023-10-03,-2.239075437408754,-1.8130873691621676,-1.8795025399019445,-2.1498118731894946,-3.819062724246333,-0.31794172638935897,1,0.15646258503401356,0.182648401826484,0.0,0.0,0.0,0.0,0.0,0.0,0.0,0.0,0.0,0.0,0.0,0.0,0.0,0.0,0.0,0.0,0.0,0.0,0.25,0.06666666666666668,0.8181818181818182,0.0
2023-10-04,-2.0443581384798266,-2.3518645703930816,-2.0394964026539957,-2.2629420878477737,1.5520128733627878,-0.3203729928462539,1,0.3720565149136577,0.5648050579557429,0.0,0.0,0.0,0.0,0.0,0.0,0.0,0.0,0.0,0.0,0.0,0.0,0.0,0.0,0.0,0.0,0.0,0.0,0.5,0.1,0.8181818181818182,0.0
2023-10-05,-2.2287389380394993,-2.046844024148097,-2.059700405800159,-2.1498118731894946,-1.5043024021799507,2.5815056078883405,1,0.23469387755102036,0.2374429223744292,0.0,0.0,0.0,0.0,0.0,0.0,0.0,0.0,0.0,0.0,0.0,0.0,0.0,0.0,0.0,0.0,0.0,0.0,0.75,0.13333333333333333,0.8181818181818182,0.0
2023-10-06,-2.1058184049997175,-2.2298563518950876,-2.1295953356031028,-2.221791077457569,0.9629271626572712,2.742293362904327,1,0.31836734693877544,0.28493150684931506,0.0,0.0,0.0,0.0,0.0,0.0,0.0,0.0,0.0,0.0,0.0,0.0,0.0,0.0,0.0,0.0,0.0,0.0,1.0,0.16666666666666669,0.8181818181818182,0.0
2023-10-09,-2.1572215369981715,-2.107848133397094,-2.169730314825887,-2.098366097418783,-0.4439481229100211,3.5412480417476258,1,0.3673469387755101,0.4602739726027397,0.0,0.0,0.0,0.0,0.0,0.0,0.0,0.0,0.0,0.0,0.0,0.0,0.0,0.0,0.0,0.0,0.0,0.0,0.0,0.26666666666666666,0.8181818181818182,0.0
2023-10-10,-2.136548538259663,-2.107848133397094,-2.1295953356031028,-2.0778046177895946,0.13127674754360086,-0.32045403506148373,1,0.34110787172011653,0.4227005870841487,0.0,0.0,0.0,0.0,0.0,0.0,0.0,0.0,0.0,0.0,0.0,0.0,0.0,0.0,0.0,0.0,0.0,0.0,0.25,0.3,0.8181818181818182,0.0
2023-10-11,-2.1468850376289175,-2.046844024148097,-2.1295953356031028,-2.108660862799291,-0.11821837699050024,-0.31915735961780645,1,0.4285714285714285,0.5698630136986301,0.0,0.0,0.0,0.0,0.0,0.0,0.0,0.0,0.0,0.0,0.0,0.0,0.0,0.0,0.0,0.0,0.0,0.0,0.5,0.3333333333333333,0.8181818181818182,0.0
2023-10-12,-2.116154904368972,-2.1383501880215925,-2.149799338749266,-2.0778046177895946,0.21444178905496789,-0.31968413401680035,1,0.3265306122448979,0.5844748858447488,0.0,0.0,0.0,0.0,0.0,0.0,0.0,0.0,0.0,0.0,0.0,0.0,0.0,0.0,0.0,0.0,0.0,0.0,0.75,0.3666666666666667,0.8181818181818182,0.0
2023-10-13,-2.0443581384798266,-2.107848133397094,-2.1295953356031028,-2.03665360739939,0.5401715349744888,-0.3196436129091854,1,0.38775510204081626,0.5187214611872146,0.0,0.0,0.0,0.0,0.0,0.0,0.0,0.0,0.0,0.0,0.0,0.0,0.0,0.0,0.0,0.0,0.0,0.0,1.0,0.4,0.8181818181818182,0.0
2023-10-16,-2.2186818035180624,-2.046844024148097,-2.1295953356031028,-2.2115243632088877,-1.4211373606685835,-0.31992726066248983,1,0.23265306122448973,0.19726027397260273,0.0,0.0,0.0,0.0,0.0,0.0,0.0,0.0,0.0,0.0,0.0,0.0,0.0,0.0,0.0,0.0,0.0,0.0,0.0,0.5,0.8181818181818182,0.0
2023-10-17,-2.29019920455939,-2.1688522426460906,-2.1896612909025075,-2.2012295978283807,-0.6172086260587024,-0.31992726066248983,1,0.3673469387755101,0.4931506849315068,0.0,0.0,0.0,0.0,0.0,0.0,0.0,0.0,0.0,0.0,0.0,0.0,0.0,0.0,0.0,0.0,0.0,0.0,0.25,0.5333333333333333,0.8181818181818182,0.0
2023-10-18,-2.5567132693774623,-2.2908604611440846,-2.360030182297183,-2.4686690886669673,-2.2181356751525176,-0.31729338866752027,1,0.33673469387755095,0.365296803652968,0.0,0.0,0.0,0.0,0.0,0.0,0.0,0.0,0.0,0.0,0.0,0.0,0.0,0.0,0.0,0.0,0.0,0.0,0.5,0.5666666666666667,0.8181818181818182,0.0
2023-10-19,-2.515646636748263,-2.5146346255256327,-2.5101950705456955,-2.5303815786863604,0.3114676708182294,-0.31887371186450203,1,0.292517006802721,0.3287671232876712,0.0,0.0,0.0,0.0,0.0,0.0,0.0,0.0,0.0,0.0,0.0,0.0,0.0,0.0,0.0,0.0,0.0,0.0,0.75,0.6,0.8181818181818182,0.0
2023-10-20,-2.454186370228372,-2.5146346255256327,-2.530126046622316,-2.561237823696057,0.48472817396691076,-0.31992726066248983,1,0.4865735767991406,0.5710165825522711,0.0,0.0,0.0,0.0,0.0,0.0,0.0,0.0,0.0,0.0,0.0,0.0,0.0,0.0,0.0,0.0,0.0,0.0,1.0,0.6333333333333333,0.8181818181818182,0.0
2023-10-23,-2.4952530028575715,-2.4943923529111927,-2.530126046622316,-2.448107609037779,-0.3746439216505486,3.579945699519871,1,0.4285714285714285,0.2557077625570776,0.0,0.0,0.0,0.0,0.0,0.0,0.0,0.0,0.0,0.0,0.0,0.0,0.0,0.0,0.0,0.0,0.0,0.0,0.0,0.7333333333333333,0.8181818181818182,0.0
2023-10-24,-2.29019920455939,-2.524894407535691,-2.3398261791510198,-2.437812843657271,1.6836908557557857,-0.3202514295234092,1,0.7784256559766762,0.8610567514677103,0.0,0.0,0.0,0.0,0.0,0.0,0.0,0.0,0.0,0.0,0.0,0.0,0.0,0.0,0.0,0.0,0.0,0.0,0.25,0.7666666666666667,0.8181818181818182,0.0
2023-10-25,-2.403062603077735,-2.2908604611440846,-2.3097932015013174,-2.314387863618485,-0.9567992122301179,-0.3212239361061671,1,0.693877551020408,0.6940639269406392,0.0,0.0,0.0,0.0,0.0,0.0,0.0,0.0,0.0,0.0,0.0,0.0,0.0,0.0,0.0,0.0,0.0,0.0,0.5,0.8,0.8181818181818182,0.0
2023-10-26,-2.4438498708591174,-2.5553964621601897,-2.4501291152462903,-2.6743960894861623,-0.3746439216505486,-0.3144163900268612,1,0.32361516034985416,0.23483365949119372,0.0,0.0,0.0,0.0,0.0,0.0,0.0,0.0,0.0,0.0,0.0,0.0,0.0,0.0,0.0,0.0,0.0,0.0,0.75,0.8333333333333334,0.8181818181818182,0.0
2023-10-27,-2.1468850376289175,-2.443370734266577,-2.229796270125292,-2.427518078276763,2.439106649484036,-0.3203729928462539,1,0.47230320699708445,0.5322896281800391,0.0,0.0,0.0,0.0,0.0,0.0,0.0,0.0,0.0,0.0,0.0,0.0,0.0,0.0,0.0,0.0,0.0,0.0,1.0,0.8666666666666667,0.8181818181818182,0.0
2023-10-30,-2.351659471079281,-2.1688522426460906,-2.2497272462019127,-2.2629420878477737,-1.684493325454579,2.6616563587506445,1,0.35860058309037895,0.3913894324853229,0.0,0.0,0.0,0.0,0.0,0.0,0.0,0.0,0.0,0.0,0.0,0.0,0.0,0.0,0.0,0.0,0.0,0.0,0.0,0.9666666666666667,0.8181818181818182,0.0
2023-10-31,-2.515646636748263,-2.3518645703930816,-2.329997204647481,-2.427518078276763,-1.3864852600388475,2.685969023319594,1,0.5020408163265305,0.5771689497716894,0.0,0.0,0.0,0.0,0.0,0.0,0.0,0.0,0.0,0.0,0.0,0.0,0.0,0.0,0.0,0.0,0.0,0.0,0.25,0.9999999999999999,0.8181818181818182,0.0
2023-11-01,-2.5567132693774623,-2.3723841344131986,-2.4501291152462903,-2.5303815786863604,-0.38157434177649585,1.613496868075612,1,0.5510204081632653,0.6356164383561643,0.0,0.0,0.0,0.0,0.0,0.0,0.0,0.0,0.0,0.0,0.0,0.0,0.0,0.0,0.0,0.0,0.0,0.0,0.5,0.0,0.9090909090909091,0.0
2023-11-02,-2.2186818035180624,-2.38236662501758,-2.2999642269977785,-2.3452441086281817,2.8202797564111353,3.488205911879701,1,0.3673469387755101,0.4164383561643835,0.0,0.0,0.0,0.0,0.0,0.0,0.0,0.0,0.0,0.0,0.0,0.0,0.0,0.0,0.0,0.0,0.0,0.0,0.75,0.03333333333333333,0.9090909090909091,0.0
2023-11-03,-2.249411936778008,-2.0978656427927125,-2.1798323163989686,-2.1600785874381763,-0.2845484600132343,2.787595961217803,1,0.43877551020408156,0.6757990867579908,0.0,0.0,0.0,0.0,0.0,0.0,0.0,0.0,0.0,0.0,0.0,0.0,0.0,0.0,0.0,0.0,0.0,0.0,1.0,0.06666666666666668,0.9090909090909091,0.0
2023-11-06,-2.187951670258117,-2.2198738612907065,-2.1896612909025075,-2.1395171078089876,0.46393691358906897,2.917466111123609,1,0.6224489795918366,0.7123287671232876,0.0,0.0,0.0,0.0,0.0,0.0,0.0,0.0,0.0,0.0,0.0,0.0,0.0,0.0,0.0,0.0,0.0,0.0,0.0,0.16666666666666669,0.9090909090909091,0.0
2023-11-07,-2.187951670258117,-2.148609970031651,-2.229796270125292,-2.1600785874381763,-0.03505333547913321,2.610235073187316,1,0.4285714285714285,0.6731898238747553,0.0,0.0,0.0,0.0,0.0,0.0,0.0,0.0,0.0,0.0,0.0,0.0,0.0,0.0,0.0,0.0,0.0,0.0,0.25,0.2,0.9090909090909091,0.0
2023-11-08,-1.9625042380692446,-2.2198738612907065,-2.0296674281504563,-2.1498118731894946,1.7876471576449944,-0.31996778177010476,1,0.3673469387755101,0.4602739726027397,0.0,0.0,0.0,0.0,0.0,0.0,0.0,0.0,0.0,0.0,0.0,0.0,0.0,0.0,0.0,0.0,0.0,0.0,0.5,0.23333333333333334,0.9090909090909091,0.0
2023-11-09,-1.972840737438499,-1.9453553696702202,-1.9996344505007542,-1.9337901069897927,-0.11821837699050024,-0.3211428938909373,1,0.5160349854227404,0.6105675146771037,0.0,0.0,0.0,0.0,0.0,0.0,0.0,0.0,0.0,0.0,0.0,0.0,0.0,0.0,0.0,0.0,0.0,0.0,0.75,0.26666666666666666,0.9090909090909091,0.0
2023-11-10,-2.1058184049997175,-2.067363588168214,-2.049598404227077,-2.03665360739939,-1.0815467744971683,3.141223667373175,1,0.3741496598639455,0.5114155251141552,0.0,0.0,0.0,0.0,0.0,0.0,0.0,0.0,0.0,0.0,0.0,0.0,0.0,0.0,0.0,0.0,0.0,0.0,1.0,0.3,0.9090909090909091,0.0
2023-11-13,-2.126491403738226,-2.107848133397094,-2.0897333834498615,-2.0675098524090867,-0.20138341850186728,2.2931168849929833,1,0.5782312925170068,0.6453576864535768,0.0,0.0,0.0,0.0,0.0,0.0,0.0,0.0,0.0,0.0,0.0,0.0,0.0,0.0,0.0,0.0,0.0,0.0,0.0,0.4,0.9090909090909091,0.0
2023-11-14,-1.9421106041785536,-2.0978656427927125,-1.9395684952013492,-2.0057973623896936,1.4480565714735791,-0.3166450509456816,1,0.6734693877551019,0.6940639269406392,0.0,0.0,0.0,0.0,0.0,0.0,0.0,0.0,0.0,0.0,0.0,0.0,0.0,0.0,0.0,0.0,0.0,0.0,0.25,0.43333333333333335,0.9090909090909091,0.0
2023-11-15,-1.7063266726204267,-1.8638316964011061,-1.799232581456376,-1.8103651269510068,1.8222992582747308,-0.31729338866752027,1,0.7402597402597402,0.846824408468244,0.0,0.0,0.0,0.0,0.0,0.0,0.0,0.0,0.0,0.0,0.0,0.0,0.0,0.0,0.0,0.0,0.0,0.0,0.5,0.4666666666666667,0.9090909090909091,0.0
2023-11-16,-1.7884599378788264,-1.6910791506641738,-1.749268627730053,-1.7589193511802943,-0.6657215669403332,-0.31996778177010476,1,0.4285714285714285,0.5771689497716894,0.0,0.0,0.0,0.0,0.0,0.0,0.0,0.0,0.0,0.0,0.0,0.0,0.0,0.0,0.0,0.0,0.0,0.0,0.75,0.5,0.9090909090909091,0.0
2023-11-17,-1.9625042380692446,-1.741823477903112,-1.8292655591060785,-1.9440848723703008,-1.3795548399129003,-0.3186305852188125,1,0.38775510204081626,0.4748858447488584,0.0,0.0,0.0,0.0,0.0,0.0,0.0,0.0,0.0,0.0,0.0,0.0,0.0,0.0,0.0,0.0,0.0,0.0,1.0,0.5333333333333333,0.9090909090909091,0.0
2023-11-20,-1.9113804709186082,-2.148609970031651,-1.859298536755781,-2.057215087028579,0.3669110318258074,-0.3208592461376329,1,0.4285714285714285,0.547945205479452,0.0,0.0,0.0,0.0,0.0,0.0,0.0,0.0,0.0,0.0,0.0,0.0,0.0,0.0,0.0,0.0,0.0,0.0,0.0,0.6333333333333333,0.9090909090909091,0.0
2023-11-21,-1.7473933052496264,-1.8028275871521091,-1.8393675606791602,-1.8515161373412112,1.2470743878211086,-0.3207782039224031,1,0.4285714285714285,0.547945205479452,0.0,0.0,0.0,0.0,0.0,0.0,0.0,0.0,0.0,0.0,0.0,0.0,0.0,0.0,0.0,0.0,0.0,0.0,0.25,0.6666666666666666,0.9090909090909091,0.0
2023-11-22,-1.8191900711387718,-1.7520832599131708,-1.8292655591060785,-1.7692141165608024,-0.5894869455549134,-0.3212239361061671,1,0.7142857142857142,0.730593607305936,0.0,0.0,0.0,0.0,0.0,0.0,0.0,0.0,0.0,0.0,0.0,0.0,0.0,0.0,0.0,0.0,0.0,0.0,0.5,0.7,0.9090909090909091,0.0
2023-11-23,-1.9421106041785536,-1.741823477903112,-1.8292655591060785,-1.8515161373412112,-0.991451312859854,-0.3211428938909373,1,0.26530612244897955,0.182648401826484,0.0,0.0,0.0,0.0,0.0,0.0,0.0,0.0,0.0,0.0,0.0,0.0,0.0,0.0,0.0,0.0,0.0,0.0,0.75,0.7333333333333333,0.9090909090909091,0.0
2023-11-24,-1.8088535717695173,-1.9453553696702202,-1.8994335159785651,-1.9749411173799973,1.011440103538902,-0.32081872503001796,1,0.37291280148423,0.5080946450809465,0.0,0.0,0.0,0.0,0.0,0.0,0.0,0.0,0.0,0.0,0.0,0.0,0.0,0.0,0.0,0.0,0.0,0.0,1.0,0.7666666666666667,0.9090909090909091,0.0
2023-11-27,-1.9421106041785536,-1.8130873691621676,-1.8994335159785651,-1.8926390965995883,-1.0676859342452738,-0.32118341499855224,1,0.5142857142857142,0.6575342465753424,0.0,0.0,0.0,0.0,0.0,0.0,0.0,0.0,0.0,0.0,0.0,0.0,0.0,0.0,0.0,0.0,0.0,0.0,0.0,0.8666666666666667,0.9090909090909091,0.0
2023-11-28,-1.7823139112268374,-1.752360551318848,-1.839640587748703,-1.841726292333589,1.2193527073173196,-0.3212239361061671,1,0.6326530612244897,0.6210045662100456,0.0,0.0,0.0,0.0,0.0,0.0,0.0,0.0,0.0,0.0,0.0,0.0,0.0,0.0,0.0,0.0,0.0,0.0,0.25,0.9,0.9090909090909091,0.0
2023-11-29,-1.678390187838658,-1.752360551318848,-1.7719298745021013,-1.6794504947144127,0.7688753991307481,3.654990790822695,1,0.4285714285714285,0.6027397260273972,0.0,0.0,0.0,0.0,0.0,0.0,0.0,0.0,0.0,0.0,0.0,0.0,0.0,0.0,0.0,0.0,0.0,0.0,0.5,0.9333333333333333,0.9090909090909091,0.0
2023-11-30,-1.7823139112268374,-1.752360551318848,-1.7266073809580047,-1.7026207296035125,-0.8320516499630672,3.2357594114387744,1,0.4285714285714285,0.6210045662100456,0.0,0.0,0.0,0.0,0.0,0.0,0.0,0.0,0.0,0.0,0.0,0.0,0.0,0.0,0.0,0.0,0.0,0.0,0.75,0.9666666666666667,0.9090909090909091,0.0
2023-12-01,-1.65520290546979,-1.7750984465843833,-1.7266073809580047,-1.691035612158962,0.9490663224053766,3.4063937956051853,1,0.564625850340136,0.669710806697108,0.0,0.0,0.0,0.0,0.0,0.0,0.0,0.0,0.0,0.0,0.0,0.0,0.0,0.0,0.0,0.0,0.0,0.0,1.0,0.0,0.9999999999999999,0.0
2023-12-04,-1.562733140842136,-1.6375619093684628,-1.658896667711403,-1.5751002843179844,0.6718495173674865,3.1651716419735907,1,0.4285714285714285,0.5187214611872146,0.0,0.0,0.0,0.0,0.0,0.0,0.0,0.0,0.0,0.0,0.0,0.0,0.0,0.0,0.0,0.0,0.0,0.0,0.0,0.1,0.9999999999999999,0.0
2023-12-05,-1.5973743819715291,-1.5687936407605028,-1.6365084480088976,-1.563515166873435,-0.2984093002651288,2.883225775189005,1,0.6452119309262165,0.6996838777660694,0.0,0.0,0.0,0.0,0.0,0.0,0.0,0.0,0.0,0.0,0.0,0.0,0.0,0.0,0.0,0.0,0.0,0.0,0.25,0.13333333333333333,0.9999999999999999,0.0
2023-12-06,-1.516637940952218,-1.6031777750644827,-1.5237482682877421,-1.563515166873435,0.574823635604225,-0.3196436129091854,1,0.6326530612244897,0.5966514459665144,0.0,0.0,0.0,0.0,0.0,0.0,0.0,0.0,0.0,0.0,0.0,0.0,0.0,0.0,0.0,0.0,0.0,0.0,0.5,0.16666666666666669,0.9999999999999999,0.0
2023-12-07,-1.3780729764346458,-1.442903342583027,-1.3883268417945385,-1.424437655275184,1.0045096834129548,-0.31571306547053857,1,0.8309037900874634,0.8610567514677103,0.0,0.0,0.0,0.0,0.0,0.0,0.0,0.0,0.0,0.0,0.0,0.0,0.0,0.0,0.0,0.0,0.0,0.0,0.75,0.2,0.9999999999999999,0.0
2023-12-08,-1.0780351298784512,-1.3855040216078347,-1.1625334552826847,-1.2853320925451086,2.182681104823988,-0.3135249256593331,1,0.5510204081632653,0.6517664023071377,0.0,0.0,0.0,0.0,0.0,0.0,0.0,0.0,0.0,0.0,0.0,0.0,0.0,0.0,0.0,0.0,0.0,0.0,1.0,0.23333333333333334,0.9999999999999999,0.0
2023-12-11,-1.1934128120271554,-1.0646778652392461,-1.1174839888081312,-1.1114711774813817,-0.8597733304668562,-0.3175365153132098,1,0.4508348794063079,0.46824408468244083,0.0,0.0,0.0,0.0,0.0,0.0,0.0,0.0,0.0,0.0,0.0,0.0,0.0,0.0,0.0,0.0,0.0,0.0,0.0,0.3333333333333333,0.9999999999999999,0.0
2023-12-12,-1.0780351298784512,-1.1791992157839541,-1.151339345431432,-1.146226529815031,0.8035274997604843,-0.3206161194919434,1,0.3795918367346938,0.5041095890410958,0.0,0.0,0.0,0.0,0.0,0.0,0.0,0.0,0.0,0.0,0.0,0.0,0.0,0.0,0.0,0.0,0.0,0.0,0.25,0.3666666666666667,0.9999999999999999,0.0
2023-12-13,-1.1473176121372373,-1.0876930519104586,-1.1625334552826847,-1.2853320925451086,-0.5340435845473354,3.564750284164277,1,0.4285714285714285,0.5917808219178082,0.0,0.0,0.0,0.0,0.0,0.0,0.0,0.0,0.0,0.0,0.0,0.0,0.0,0.0,0.0,0.0,0.0,0.0,0.5,0.4,0.9999999999999999,0.0
2023-12-14,-1.1473176121372373,-1.1450923728856512,-1.207855948826781,-1.1230562949259322,-0.03505333547913321,3.4980930621377406,1,0.4285714285714285,0.6301369863013698,0.0,0.0,0.0,0.0,0.0,0.0,0.0,0.0,0.0,0.0,0.0,0.0,0.0,0.0,0.0,0.0,0.0,0.0,0.75,0.43333333333333335,0.9999999999999999,0.0
2023-12-15,-1.1702255296582875,-1.190845454822399,-1.2302441685292866,-1.1346414123704804,-0.20138341850186728,2.430199792054244,1,0.4285714285714285,0.6356164383561643,0.0,0.0,0.0,0.0,0.0,0.0,0.0,0.0,0.0,0.0,0.0,0.0,0.0,0.0,0.0,0.0,0.0,0.0,1.0,0.4666666666666667,0.9999999999999999,0.0
2023-12-18,-1.2858825766548094,-1.2823516186958943,-1.2752936350038402,-1.3085023274342076,-0.8736341707187507,3.000899071702721,1,0.4285714285714285,0.6210045662100456,0.0,0.0,0.0,0.0,0.0,0.0,0.0,0.0,0.0,0.0,0.0,0.0,0.0,0.0,0.0,0.0,0.0,0.0,0.0,0.5666666666666667,0.9999999999999999,0.0
2023-12-19,-1.2395080119170736,-1.2939978577343392,-1.2752936350038402,-1.296917209989657,0.30453725069228216,3.7113556515150434,1,0.3673469387755101,0.48219178082191777,0.0,0.0,0.0,0.0,0.0,0.0,0.0,0.0,0.0,0.0,0.0,0.0,0.0,0.0,0.0,0.0,0.0,0.0,0.25,0.6,0.9999999999999999,0.0
2023-12-20,-1.2166000943960233,-1.0876930519104586,-1.1625334552826847,-1.238963571635082,0.13127674754360086,-0.32029195063102406,1,0.4285714285714285,0.6356164383561643,0.0,0.0,0.0,0.0,0.0,0.0,0.0,0.0,0.0,0.0,0.0,0.0,0.0,0.0,0.0,0.0,0.0,0.0,0.5,0.6333333333333333,0.9999999999999999,0.0
2023-12-21,-1.101222412247319,-1.3167357529998744,-1.1851947020547329,-1.215793336745983,0.8035274997604843,-0.3197246551244152,1,0.58600583090379,0.6418786692759295,0.0,0.0,0.0,0.0,0.0,0.0,0.0,0.0,0.0,0.0,0.0,0.0,0.0,0.0,0.0,0.0,0.0,0.0,0.75,0.6666666666666666,0.9999999999999999,0.0
2023-12-22,-0.9509241241214041,-1.1107082385816711,-1.0609673854127821,-1.0998580089050045,1.0460922041686382,-0.31948152847872574,1,0.6734693877551019,0.7671232876712328,0.0,0.0,0.0,0.0,0.0,0.0,0.0,0.0,0.0,0.0,0.0,0.0,0.0,0.0,0.0,0.0,0.0,0.0,1.0,0.7,0.9999999999999999,0.0
2023-12-25,-0.7779972833222566,-0.9501565146945382,-0.869302382593772,-0.9607804973067556,1.1847006066875834,-0.3195625706939556,1,0.4285714285714285,0.5166340508806262,0.0,0.0,0.0,0.0,0.0,0.0,0.0,0.0,0.0,0.0,0.0,0.0,0.0,0.0,0.0,0.0,0.0,0.0,0.0,0.8,0.9999999999999999,0.0
2023-12-26,-0.8240924832121748,-0.7898820822130826,-0.8127857791984229,-0.7985046996875791,-0.3538526612727068,-0.3196030918015705,1,0.5306122448979591,0.6210045662100456,0.0,0.0,0.0,0.0,0.0,0.0,0.0,0.0,0.0,0.0,0.0,0.0,0.0,0.0,0.0,0.0,0.0,0.0,0.25,0.8333333333333334,0.9999999999999999,0.0
2023-12-27,-0.8240924832121748,-0.8813882460865781,-0.8919636293658202,-0.7753064136666515,-0.03505333547913321,-0.3206971617071732,1,0.38147566718995285,0.5142255005268703,0.0,0.0,0.0,0.0,0.0,0.0,0.0,0.0,0.0,0.0,0.0,0.0,0.0,0.0,0.0,0.0,0.0,0.0,0.5,0.8666666666666667,0.9999999999999999,0.0
2023-12-28,-0.8933749654709608,-0.8356351641498304,-0.903157739217073,-0.7985046996875791,-0.5201827442954409,-0.31992726066248983,1,0.13119533527696792,0.17221135029354206,0.0,0.0,0.0,0.0,0.0,0.0,0.0,0.0,0.0,0.0,0.0,0.0,0.0,0.0,0.0,0.0,0.0,0.0,0.75,0.9,0.9999999999999999,0.0
2023-12-29,-0.7316227185845208,-0.9044034327577906,-0.8466411358217238,-0.8912136903758036,1.1015355651762162,-0.32098080946047763,1,0.3951762523191094,0.4084682440846824,0.0,0.0,0.0,0.0,0.0,0.0,0.0,0.0,0.0,0.0,0.0,0.0,0.0,0.0,0.0,0.0,0.0,0.0,1.0,0.9333333333333333,0.9999999999999999,0.0
2024-01-02,-0.8240924832121748,-0.7438517088706577,-0.8015916693471702,-0.7985046996875791,-0.6726519870662805,-0.31984621844726,1,0.58600583090379,0.7045009784735812,0.0,0.0,0.0,0.0,0.0,0.0,0.0,0.0,0.0,0.0,0.0,0.0,0.0,0.0,0.0,0.0,0.0,0.0,0.25,0.03333333333333333,0.0,0.5
2024-01-03,-0.6394323188046844,-0.7438517088706577,-0.6888314896260147,-0.728937892756627,1.2540048079470558,-0.31765807863605455,1,0.4285714285714285,0.6356164383561643,0.0,0.0,0.0,0.0,0.0,0.0,0.0,0.0,0.0,0.0,0.0,0.0,0.0,0.0,0.0,0.0,0.0,0.0,0.5,0.06666666666666668,0.0,0.5
2024-01-04,-0.6740735599340775,-0.6293303583259499,-0.4856993498862093,-0.5898603811583761,-0.2706876197613398,-0.3095538571130713,1,0.6734693877551019,0.7471980074719801,0.0,0.0,0.0,0.0,0.0,0.0,0.0,0.0,0.0,0.0,0.0,0.0,0.0,0.0,0.0,0.0,0.0,0.0,0.75,0.1,0.0,0.5
2024-01-05,-0.4776800719182443,-0.6750834402626975,-0.496893459737462,-0.5666620951374506,1.316378589080581,-0.31879266964927216,1,0.6458196181698485,0.682280159080866,0.0,0.0,0.0,0.0,0.0,0.0,0.0,0.0,0.0,0.0,0.0,0.0,0.0,0.0,0.0,0.0,0.0,0.0,1.0,0.13333333333333333,0.0,0.5
2024-01-08,-0.039077260844477525,-0.42302555250206925,-0.14714578365320016,-0.3464326591636971,2.9242360583003437,-0.3157535865781535,1,0.564625850340136,0.6453576864535768,0.0,0.0,0.0,0.0,0.0,0.0,0.0,0.0,0.0,0.0,0.0,0.0,0.0,0.0,0.0,0.0,0.0,0.0,0.0,0.23333333333333334,0.0,0.5
2024-01-09,-0.11981370186378874,0.08109022301918727,-0.03438560393204469,-0.021881063925344123,-0.5548348449251772,-0.31676661426852637,1,0.6275510204081631,0.6986301369863013,0.0,0.0,0.0,0.0,0.0,0.0,0.0,0.0,0.0,0.0,0.0,0.0,0.0,0.0,0.0,0.0,0.0,0.0,0.25,0.26666666666666666,0.0,0.5
2024-01-10,0.19195746830074867,-0.1365835304374609,0.14608528903571258,-0.03346618136989461,1.9955597614234122,-0.31482160110301044,1,0.7205651491365777,0.7334035827186511,0.0,0.0,0.0,0.0,0.0,0.0,0.0,0.0,0.0,0.0,0.0,0.0,0.0,0.0,0.0,0.0,0.0,0.0,0.5,0.3,0.0,0.5
2024-01-11,-0.015889978475609603,0.12684330495593496,0.02213099946330441,0.012902339540131908,-1.351833159409111,-0.3087029138531581,1,0.5438175270108042,0.7026591458501208,0.0,0.0,0.0,0.0,0.0,0.0,0.0,0.0,0.0,0.0,0.0,0.0,0.0,0.0,0.0,0.0,0.0,0.0,0.75,0.3333333333333333,0.0,0.5
2024-01-12,-0.13126766062431386,-0.170967664741441,0.01066386254250894,-0.2536956173436461,-0.7766082889554893,-0.3102427159425249,1,0.5314285714285714,0.6706849315068493,0.0,0.0,0.0,0.0,0.0,0.0,0.0,0.0,0.0,0.0,0.0,0.0,0.0,0.0,0.0,0.0,0.0,0.0,1.0,0.3666666666666667,0.0,0.5
2024-01-15,0.007017939045440637,-0.1365835304374609,-0.03438560393204469,-0.021881063925344123,0.8659012808940096,-0.3187521485416573,1,0.818877551020408,0.8904109589041096,0.0,0.0,0.0,0.0,0.0,0.0,0.0,0.0,0.0,0.0,0.0,0.0,0.0,0.0,0.0,0.0,0.0,0.0,0.0,0.4666666666666667,0.0,0.5
2024-01-16,0.07630042130422673,-0.1365835304374609,-0.045579713783297414,-0.021881063925344123,0.40849355258149095,-0.31976517623203016,1,0.5227629513343798,0.7165437302423603,0.0,0.0,0.0,0.0,0.0,0.0,0.0,0.0,0.0,0.0,0.0,0.0,0.0,0.0,0.0,0.0,0.0,0.0,0.25,0.5,0.0,0.5
2024-01-17,0.0648464625437016,-0.022062179892753015,-0.03438560393204469,0.036072574429230855,-0.11128795686455298,-0.3181443319274335,1,0.43877551020408156,0.639269406392694,0.0,0.0,0.0,0.0,0.0,0.0,0.0,0.0,0.0,0.0,0.0,0.0,0.0,0.0,0.0,0.0,0.0,0.0,0.5,0.5333333333333333,0.0,0.5
2024-01-18,0.2148653858217989,0.04670608871520717,0.15727939888696532,0.11722449880473138,0.9282750620275348,-0.31413274227355686,1,0.4965986394557822,0.5966514459665144,0.0,0.0,0.0,0.0,0.0,0.0,0.0,0.0,0.0,0.0,0.0,0.0,0.0,0.0,0.0,0.0,0.0,0.0,0.75,0.5666666666666667,0.0,0.5
2024-01-19,0.7573919202837448,0.28739502884306783,0.6085931448411299,0.24474494409026046,3.3955046268647573,-0.31085053255674866,1,0.8152524167561761,0.882480173035328,0.0,0.0,0.0,0.0,0.0,0.0,0.0,0.0,0.0,0.0,0.0,0.0,0.0,0.0,0.0,0.0,0.0,0.0,1.0,0.6,0.0,0.5
2024-01-22,0.7459379615232197,0.7571266700603443,0.6877709950085272,0.5924667742177123,-0.10435753673860575,-0.3137275311974077,1,0.6734693877551019,0.669710806697108,0.0,0.0,0.0,0.0,0.0,0.0,0.0,0.0,0.0,0.0,0.0,0.0,0.0,0.0,0.0,0.0,0.0,0.0,0.0,0.7,0.0,0.5
2024-01-23,0.6534681968955657,0.653974267148404,0.5973990349898771,0.5808816567731618,-0.5894869455549134,-0.31461899556493583,1,0.3061224489795918,0.3068493150684931,0.0,0.0,0.0,0.0,0.0,0.0,0.0,0.0,0.0,0.0,0.0,0.0,0.0,0.0,0.0,0.0,0.0,0.0,0.25,0.7333333333333333,0.0,0.5
2024-01-24,0.5380905147468614,0.4249315660589882,0.4619776084966735,0.5345131358631374,-0.7350257681998057,-0.31615879765430266,1,0.2908163265306122,0.3287671232876712,0.0,0.0,0.0,0.0,0.0,0.0,0.0,0.0,0.0,0.0,0.0,0.0,0.0,0.0,0.0,0.0,0.0,0.0,0.5,0.7666666666666667,0.0,0.5
2024-01-25,0.4227128325981572,0.5164377299324836,0.5862049251386244,0.5229280184185869,-0.741956188325753,-0.31871162743404235,1,0.2448979591836734,0.2557077625570776,0.0,0.0,0.0,0.0,0.0,0.0,0.0,0.0,0.0,0.0,0.0,0.0,0.0,0.0,0.0,0.0,0.0,0.0,0.75,0.8,0.0,0.5
2024-01-26,0.5498238383552042,0.4019163793877757,0.4057340321708672,0.5229280184185869,0.7550145588788535,3.6579083105709693,1,0.5792778649921506,0.6322444678609062,0.0,0.0,0.0,0.0,0.0,0.0,0.0,0.0,0.0,0.0,0.0,0.0,0.0,0.0,0.0,0.0,0.0,0.0,1.0,0.8333333333333334,0.0,0.5
2024-01-29,0.49199531485694326,0.5164377299324836,0.4619776084966735,0.5460982533076858,-0.3885047619024431,-0.32049455616909867,1,0.5287569573283858,0.6276463262764632,0.0,0.0,0.0,0.0,0.0,0.0,0.0,0.0,0.0,0.0,0.0,0.0,0.0,0.0,0.0,0.0,0.0,0.0,0.0,0.9333333333333333,0.0,0.5
2024-01-30,0.4341667913586823,0.4936998346669484,0.3942668952500717,0.47655949750856036,-0.3885047619024431,-0.3198056973396451,1,0.4285714285714285,0.4383561643835616,0.0,0.0,0.0,0.0,0.0,0.0,0.0,0.0,0.0,0.0,0.0,0.0,0.0,0.0,0.0,0.0,0.0,0.0,0.25,0.9666666666666667,0.0,0.5
2024-01-31,0.2609605857117171,0.4249315660589882,0.37187867554756626,0.31428369988938387,-1.1092684550009575,-0.3170907831294457,1,0.3163265306122448,0.3105022831050228,0.0,0.0,0.0,0.0,0.0,0.0,0.0,0.0,0.0,0.0,0.0,0.0,0.0,0.0,0.0,0.0,0.0,0.0,0.5,0.9999999999999999,0.0,0.5
2024-02-01,0.15731622717135563,0.19561157356389516,0.1799406456590135,0.23313177551388337,-0.686512827318175,-0.31773912085128436,1,0.5265306122448978,0.547945205479452,0.0,0.0,0.0,0.0,0.0,0.0,0.0,0.0,0.0,0.0,0.0,0.0,0.0,0.0,0.0,0.0,0.0,0.0,0.75,0.0,0.09090909090909091,0.5
2024-02-02,0.07630042130422673,0.14985849162714746,0.07837457578911076,0.12880961624928186,-0.5479044247992298,-0.3157535865781535,1,0.3632653061224489,0.4018264840182648,0.0,0.0,0.0,0.0,0.0,0.0,0.0,0.0,0.0,0.0,0.0,0.0,0.0,0.0,0.0,0.0,0.0,0.0,1.0,0.03333333333333333,0.09090909090909091,0.5
2024-02-05,0.4805413560964182,0.10410540969039975,0.5070270749712271,0.20996154062478442,2.549993371499192,-0.3142948267040165,1,0.8469387755102039,0.8401826484018264,0.0,0.0,0.0,0.0,0.0,0.0,0.0,0.0,0.0,0.0,0.0,0.0,0.0,0.0,0.0,0.0,0.0,0.0,0.0,0.13333333333333333,0.09090909090909091,0.5
2024-02-06,0.5151825972258112,0.4936998346669484,0.37187867554756626,0.4301909765985359,0.17978968842523163,-0.31782016306651417,1,0.6066790352504637,0.647571606475716,0.0,0.0,0.0,0.0,0.0,0.0,0.0,0.0,0.0,0.0,0.0,0.0,0.0,0.0,0.0,0.0,0.0,0.0,0.25,0.16666666666666669,0.09090909090909091,0.5
2024-02-07,0.5498238383552042,0.4936998346669484,0.4281222518733726,0.5692965393286135,0.17978968842523163,-0.31619931876191754,1,0.520408163265306,0.547945205479452,0.0,0.0,0.0,0.0,0.0,0.0,0.0,0.0,0.0,0.0,0.0,0.0,0.0,0.0,0.0,0.0,0.0,0.0,0.5,0.2,0.09090909090909091,0.5
2024-02-15,0.5498238383552042,0.5280839689709285,0.47317171834792626,0.5345131358631374,-0.03505333547913321,-0.3173339097751352,1,0.6489795918367346,0.6794520547945205,0.0,0.0,0.0,0.0,0.0,0.0,0.0,0.0,0.0,0.0,0.0,0.0,0.0,0.0,0.0,0.0,0.0,0.0,0.75,0.4666666666666667,0.09090909090909091,0.5
2024-02-16,0.4573540737275502,0.5394529166036961,0.41692814202211986,0.49972973239766133,-0.6033477858068079,-0.3186711063264274,1,0.3903061224489795,0.4520547945205479,0.0,0.0,0.0,0.0,0.0,0.0,0.0,0.0,0.0,0.0,0.0,0.0,0.0,0.0,0.0,0.0,0.0,0.0,1.0,0.5,0.09090909090909091,0.5
2024-02-19,0.6305602793745154,0.48205359562850353,0.7101592147110326,0.48814461495311084,1.039161784042691,-0.309229688252152,1,0.4285714285714285,0.6575342465753424,0.0,0.0,0.0,0.0,0.0,0.0,0.0,0.0,0.0,0.0,0.0,0.0,0.0,0.0,0.0,0.0,0.0,0.0,0.0,0.6,0.09090909090909091,0.5
2024-02-20,0.6534681968955657,0.653974267148404,0.6877709950085272,0.7547425718368889,0.10355506703981185,-0.3176175575284396,1,0.5051020408163265,0.6027397260273972,0.0,0.0,0.0,0.0,0.0,0.0,0.0,0.0,0.0,0.0,0.0,0.0,0.0,0.0,0.0,0.0,0.0,0.0,0.25,0.6333333333333333,0.09090909090909091,0.5
2024-02-21,0.7344840027626945,0.7113735881235965,0.5973990349898771,0.6388352951277368,0.4570064934631217,-0.31623983986953247,1,0.5510204081632653,0.7817351598173516,0.0,0.0,0.0,0.0,0.0,0.0,0.0,0.0,0.0,0.0,0.0,0.0,0.0,0.0,0.0,0.0,0.0,0.0,0.5,0.6666666666666666,0.09090909090909091,0.5
2024-02-22,0.7344840027626945,0.7227425357563642,0.6200602817619254,0.7779408578578144,-0.03505333547913321,-0.3174959942055949,1,0.5510204081632653,0.6794520547945205,0.0,0.0,0.0,0.0,0.0,0.0,0.0,0.0,0.0,0.0,0.0,0.0,0.0,0.0,0.0,0.0,0.0,0.0,0.75,0.7,0.09090909090909091,0.5
2024-02-23,1.2538232548557726,0.7227425357563642,1.3646051004050026,0.7315723369477899,3.0974965614490246,-0.2913193586863591,1,0.8712715855572997,0.9694415173867228,0.0,0.0,0.0,0.0,0.0,0.0,0.0,0.0,0.0,0.0,0.0,0.0,0.0,0.0,0.0,0.0,0.0,0.0,1.0,0.7333333333333333,0.09090909090909091,0.5
2024-02-26,1.623422948518571,1.4101479304302889,1.6578361730939155,1.3575052925353948,2.099516063312621,-0.31782016306651417,1,0.9489795918367345,1.0,0.0,0.0,0.0,0.0,0.0,0.0,0.0,0.0,0.0,0.0,0.0,0.0,0.0,0.0,0.0,0.0,0.0,0.0,0.0,0.8333333333333334,0.09090909090909091,0.5
2024-02-27,1.4848579840009988,1.6164527362541694,1.54507599337276,1.5893198459536968,-0.8112603895852256,-0.31676661426852637,1,0.5981161695447409,0.6153846153846154,0.0,0.0,0.0,0.0,0.0,0.0,0.0,0.0,0.0,0.0,0.0,0.0,0.0,0.0,0.0,0.0,0.0,0.0,0.25,0.8666666666666667,0.09090909090909091,0.5
2024-02-28,1.6924260659295394,1.5019313857094614,1.7255468863405172,1.4270440483345204,1.1431180859318997,-0.31384909452025245,1,0.3265306122448979,0.4200913242009132,0.0,0.0,0.0,0.0,0.0,0.0,0.0,0.0,0.0,0.0,0.0,0.0,0.0,0.0,0.0,0.0,0.0,0.0,0.5,0.9,0.09090909090909091,0.5
2024-02-29,1.4848579840009988,1.662205818190917,1.54507599337276,1.5893198459536968,-1.1924334965123244,-0.3187521485416573,1,0.6734693877551019,0.6794520547945204,0.0,0.0,0.0,0.0,0.0,0.0,0.0,0.0,0.0,0.0,0.0,0.0,0.0,0.0,0.0,0.0,0.0,0.0,0.75,0.9333333333333333,0.09090909090909091,0.5
2024-03-01,1.600235666149703,1.5249465723806739,1.6127867066193617,1.4502423343554478,0.6164061563599085,-0.3191978807254213,1,0.4515306122448979,0.4931506849315068,0.0,0.0,0.0,0.0,0.0,0.0,0.0,0.0,0.0,0.0,0.0,0.0,0.0,0.0,0.0,0.0,0.0,0.0,1.0,0.0,0.1818181818181818,0.5
2024-03-04,1.600235666149703,1.5937148409886341,1.6578361730939155,1.4734125692445468,-0.03505333547913321,-0.3138896156278673,1,0.4736842105263157,0.5364095169430425,0.0,0.0,0.0,0.0,0.0,0.0,0.0,0.0,0.0,0.0,0.0,0.0,0.0,0.0,0.0,0.0,0.0,0.0,0.0,0.1,0.1818181818181818,0.5
2024-03-05,1.8080831129260613,1.5706996543174216,1.63544795339141,1.5661496110645978,1.1292572456800052,-0.31944100737111086,1,0.4285714285714285,0.4602739726027397,0.0,0.0,0.0,0.0,0.0,0.0,0.0,0.0,0.0,0.0,0.0,0.0,0.0,0.0,0.0,0.0,0.0,0.0,0.25,0.13333333333333333,0.1818181818181818,0.5
2024-03-06,1.8080831129260613,1.6852210048621294,1.7255468863405172,1.7052551737946753,-0.03505333547913321,-0.3175365153132098,1,0.5816326530612244,0.6301369863013698,0.0,0.0,0.0,0.0,0.0,0.0,0.0,0.0,0.0,0.0,0.0,0.0,0.0,0.0,0.0,0.0,0.0,0.0,0.5,0.16666666666666669,0.1818181818181818,0.5
2024-03-07,1.5541404662597849,1.7770044601413022,1.63544795339141,1.6356883668637232,-1.434998200920478,-0.31490264331824025,1,0.4285714285714285,0.5166340508806262,0.0,0.0,0.0,0.0,0.0,0.0,0.0,0.0,0.0,0.0,0.0,0.0,0.0,0.0,0.0,0.0,0.0,0.0,0.75,0.2,0.1818181818181818,0.5
2024-03-08,1.0459758080794144,1.5476844676462091,1.4096545668795564,0.8011110927469133,-2.897316847495348,-0.31186356024712153,1,0.09183673469387754,0.0730593607305936,0.0,0.0,0.0,0.0,0.0,0.0,0.0,0.0,0.0,0.0,0.0,0.0,0.0,0.0,0.0,0.0,0.0,0.0,1.0,0.23333333333333334,0.1818181818181818,0.5
2024-03-11,0.9076902084096599,1.181105229340873,1.1841342074372454,1.0097554112761162,-0.8459124902149617,-0.3180632897122037,1,0.2755102040816326,0.3287671232876712,0.0,0.0,0.0,0.0,0.0,0.0,0.0,0.0,0.0,0.0,0.0,0.0,0.0,0.0,0.0,0.0,0.0,0.0,0.0,0.3333333333333333,0.1818181818181818,0.5
2024-03-12,1.2538232548557726,0.9060321549090322,1.1164234941906437,1.0097554112761162,2.023281441927201,-0.31940048626349593,1,0.37291280148423,0.5280199252801993,0.0,0.0,0.0,0.0,0.0,0.0,0.0,0.0,0.0,0.0,0.0,0.0,0.0,0.0,0.0,0.0,0.0,0.0,0.25,0.3666666666666667,0.1818181818181818,0.5
2024-03-13,1.3923882193733448,1.2726113932143683,1.229183673911799,1.3111367716253703,0.7619449790048007,-0.31846850078835287,1,0.5160349854227404,0.5792563600782779,0.0,0.0,0.0,0.0,0.0,0.0,0.0,0.0,0.0,0.0,0.0,0.0,0.0,0.0,0.0,0.0,0.0,0.0,0.5,0.4,0.1818181818181818,0.5
2024-03-14,1.1845407725969865,1.5706996543174216,1.4323158136516045,1.2183997298053193,-1.2201551770161134,-0.3180632897122037,1,0.5020408163265305,0.547945205479452,0.0,0.0,0.0,0.0,0.0,0.0,0.0,0.0,0.0,0.0,0.0,0.0,0.0,0.0,0.0,0.0,0.0,0.0,0.75,0.43333333333333335,0.1818181818181818,0.5
2024-03-15,1.2999184547456908,1.1353521474041253,1.2742331403863527,1.1256626879852663,0.6371974167377503,-0.3183064163578932,1,0.3319011815252416,0.501802451333814,0.0,0.0,0.0,0.0,0.0,0.0,0.0,0.0,0.0,0.0,0.0,0.0,0.0,0.0,0.0,0.0,0.0,0.0,1.0,0.4666666666666667,0.1818181818181818,0.5
2024-03-18,1.2538232548557726,1.2268583112776206,1.2742331403863527,0.8706778996778654,-0.2984093002651288,-0.3180632897122037,1,0.3571428571428571,0.4383561643835616,0.0,0.0,0.0,0.0,0.0,0.0,0.0,0.0,0.0,0.0,0.0,0.0,0.0,0.0,0.0,0.0,0.0,0.0,0.0,0.5666666666666667,0.1818181818181818,0.5
2024-03-19,1.1616328550759363,1.249873497948833,1.1164234941906437,1.1256626879852663,-0.5686956851770717,3.426978518273563,1,0.4285714285714285,0.6027397260273972,0.0,0.0,0.0,0.0,0.0,0.0,0.0,0.0,0.0,0.0,0.0,0.0,0.0,0.0,0.0,0.0,0.0,0.0,0.25,0.6,0.1818181818181818,0.5
2024-03-20,1.4848579840009988,1.1353521474041253,1.3419438536329544,1.0097554112761162,1.8430905186525723,-0.3099590681892205,1,0.3795918367346938,0.5041095890410958,0.0,0.0,0.0,0.0,0.0,0.0,0.0,0.0,0.0,0.0,0.0,0.0,0.0,0.0,0.0,0.0,0.0,0.0,0.5,0.6333333333333333,0.1818181818181818,0.5
2024-03-21,1.4848579840009988,1.5019313857094614,1.4096545668795564,1.5429513250436724,-0.03505333547913321,-0.31619931876191754,1,0.6400742115027829,0.7471980074719801,0.0,0.0,0.0,0.0,0.0,0.0,0.0,0.0,0.0,0.0,0.0,0.0,0.0,0.0,0.0,0.0,0.0,0.0,0.75,0.6666666666666666,0.1818181818181818,0.5
2024-03-22,1.7617085481883255,1.5249465723806739,2.1541993855226336,1.6588866528846489,1.5312216129849459,-0.303921423154598,1,0.7387755102040815,0.7963470319634702,0.0,0.0,0.0,0.0,0.0,0.0,0.0,0.0,0.0,0.0,0.0,0.0,0.0,0.0,0.0,0.0,0.0,0.0,1.0,0.7,0.1818181818181818,0.5
2024-03-25,1.4848579840009988,1.7309740867988772,1.883629559605769,1.5197810901545712,-1.566676183313476,-0.3191168385101915,1,0.6428571428571428,0.7671232876712328,0.0,0.0,0.0,0.0,0.0,0.0,0.0,0.0,0.0,0.0,0.0,0.0,0.0,0.0,0.0,0.0,0.0,0.0,0.0,0.8,0.1818181818181818,0.5
2024-03-26,1.4848579840009988,1.4561783037727136,1.5224147466007119,1.5893198459536968,-0.03505333547913321,-0.318387458573123,1,0.33333333333333326,0.4505327245053272,0.0,0.0,0.0,0.0,0.0,0.0,0.0,0.0,0.0,0.0,0.0,0.0,0.0,0.0,0.0,0.0,0.0,0.0,0.25,0.8333333333333334,0.1818181818181818,0.5
2024-03-27,1.3692009370044769,1.5249465723806739,1.3872663471770508,1.4734125692445468,-0.6934432474441222,-0.317414951990365,1,0.4285714285714285,0.547945205479452,0.0,0.0,0.0,0.0,0.0,0.0,0.0,0.0,0.0,0.0,0.0,0.0,0.0,0.0,0.0,0.0,0.0,0.0,0.5,0.8666666666666667,0.1818181818181818,0.5
2024-03-28,1.3923882193733448,1.5019313857094614,1.5224147466007119,1.4734125692445468,0.09662464691386459,-0.3186711063264274,1,0.6326530612244897,0.6210045662100456,0.0,0.0,0.0,0.0,0.0,0.0,0.0,0.0,0.0,0.0,0.0,0.0,0.0,0.0,0.0,0.0,0.0,0.0,0.75,0.9,0.1818181818181818,0.5
2024-03-29,1.2770105372246405,1.5019313857094614,1.3646051004050026,1.3575052925353948,-0.6934432474441222,-0.3165640087304518,1,0.4285714285714285,0.45401174168297453,0.0,0.0,0.0,0.0,0.0,0.0,0.0,0.0,0.0,0.0,0.0,0.0,0.0,0.0,0.0,0.0,0.0,0.0,1.0,0.9333333333333333,0.1818181818181818,0.5
2024-04-01,1.2770105372246405,1.2726113932143683,1.2518449206838471,1.2879665367362714,-0.03505333547913321,-0.3186305852188125,1,0.33437990580847715,0.4636459430979979,0.0,0.0,0.0,0.0,0.0,0.0,0.0,0.0,0.0,0.0,0.0,0.0,0.0,0.0,0.0,0.0,0.0,0.0,0.0,0.0,0.2727272727272727,0.5
2024-04-02,1.2309153373347224,1.2041204160120855,1.1841342074372454,1.241598015826245,-0.2984093002651288,-0.3175770364208247,1,0.5287569573283858,0.6276463262764632,0.0,0.0,0.0,0.0,0.0,0.0,0.0,0.0,0.0,0.0,0.0,0.0,0.0,0.0,0.0,0.0,0.0,0.0,0.25,0.03333333333333333,0.2727272727272727,0.5
2024-04-03,1.0230678905583641,1.2268583112776206,1.1614729606651972,1.1256626879852663,-1.234016017268008,-0.31798224749697385,1,0.5287569573283858,0.6077210460772104,0.0,0.0,0.0,0.0,0.0,0.0,0.0,0.0,0.0,0.0,0.0,0.0,0.0,0.0,0.0,0.0,0.0,0.0,0.5,0.06666666666666668,0.2727272727272727,0.5
2024-04-04,1.0230678905583641,1.181105229340873,1.0487127809440417,1.1256626879852663,-0.03505333547913321,-0.31996778177010476,1,0.38775510204081626,0.5235920852359208,0.0,0.0,0.0,0.0,0.0,0.0,0.0,0.0,0.0,0.0,0.0,0.0,0.0,0.0,0.0,0.0,0.0,0.0,0.75,0.1,0.2727272727272727,0.5
2024-04-05,0.8384077261508738,0.9748004235169924,0.8455806412042363,0.9402166554769908,-1.123129295252852,-0.31721234645229046,1,0.39455782312925164,0.5114155251141552,0.0,0.0,0.0,0.0,0.0,0.0,0.0,0.0,0.0,0.0,0.0,0.0,0.0,0.0,0.0,0.0,0.0,0.0,1.0,0.13333333333333333,0.2727272727272727,0.5
2024-04-08,0.9766933258206282,0.8145259910355368,1.0036633144694882,0.8938481345669663,0.7896666595085898,-0.3208997672452478,1,0.47230320699708445,0.547945205479452,0.0,0.0,0.0,0.0,0.0,0.0,0.0,0.0,0.0,0.0,0.0,0.0,0.0,0.0,0.0,0.0,0.0,0.0,0.0,0.23333333333333334,0.2727272727272727,0.5
2024-04-09,1.4155755017422127,1.02055350545374,1.2518449206838471,1.0793222182070683,2.5569237916251395,-0.31672609316091144,1,0.6489795918367346,0.810958904109589,0.0,0.0,0.0,0.0,0.0,0.0,0.0,0.0,0.0,0.0,0.0,0.0,0.0,0.0,0.0,0.0,0.0,0.0,0.25,0.26666666666666666,0.2727272727272727,0.5
2024-04-10,1.2538232548557726,1.4101479304302889,1.2742331403863527,1.3343070065144693,-0.9567992122301179,-0.31948152847872574,1,0.5663265306122448,0.6575342465753424,0.0,0.0,0.0,0.0,0.0,0.0,0.0,0.0,0.0,0.0,0.0,0.0,0.0,0.0,0.0,0.0,0.0,0.0,0.5,0.3,0.2727272727272727,0.5
2024-04-11,1.4848579840009988,1.1123369607329128,1.4096545668795564,1.1952294949162183,1.2955873287027393,-0.31417326338117174,1,0.4285714285714285,0.4164383561643835,0.0,0.0,0.0,0.0,0.0,0.0,0.0,0.0,0.0,0.0,0.0,0.0,0.0,0.0,0.0,0.0,0.0,0.0,0.75,0.3333333333333333,0.2727272727272727,0.5
2024-04-12,1.5770483837808351,1.4561783037727136,1.6578361730939155,1.5429513250436724,0.48472817396691076,-0.30878395606838793,1,0.43877551020408156,0.4748858447488584,0.0,0.0,0.0,0.0,0.0,0.0,0.0,0.0,0.0,0.0,0.0,0.0,0.0,0.0,0.0,0.0,0.0,0.0,1.0,0.3666666666666667,0.2727272727272727,0.5
2024-04-15,0.7227506791543518,1.5249465723806739,1.6578361730939155,0.8243093787678409,-4.837834482760579,-0.3128360668298795,1,0.22820037105751384,0.2889165628891656,0.0,0.0,0.0,0.0,0.0,0.0,0.0,0.0,0.0,0.0,0.0,0.0,0.0,0.0,0.0,0.0,0.0,0.0,0.0,0.4666666666666667,0.2727272727272727,0.5
2024-04-16,0.8613156436719239,0.6997273490851517,0.9132913544508381,0.7663557404132659,0.8035274997604843,-0.3138085734126375,1,0.4063079777365491,0.448318804483188,0.0,0.0,0.0,0.0,0.0,0.0,0.0,0.0,0.0,0.0,0.0,0.0,0.0,0.0,0.0,0.0,0.0,0.0,0.25,0.5,0.2727272727272727,0.5
2024-04-17,0.3534303503393711,0.9748004235169924,0.8682418879762844,0.4301909765985359,-3.0636469305180825,-0.31563202325530876,1,0.35510204081632646,0.3872146118721461,0.0,0.0,0.0,0.0,0.0,0.0,0.0,0.0,0.0,0.0,0.0,0.0,0.0,0.0,0.0,0.0,0.0,0.0,0.5,0.5333333333333333,0.2727272727272727,0.5
2024-04-19,0.41125887383763204,0.28739502884306783,0.5296883217432753,0.22154665806933288,0.32532851107012395,-0.31465951667255077,1,0.2755102040816326,0.3287671232876712,0.0,0.0,0.0,0.0,0.0,0.0,0.0,0.0,0.0,0.0,0.0,0.0,0.0,0.0,0.0,0.0,0.0,0.0,1.0,0.6,0.2727272727272727,0.5
2024-04-22,0.8152204437820058,0.4936998346669484,0.665109748236479,0.6156650602386379,2.4737587501137726,-0.31895475407973184,1,0.5755102040816326,0.547945205479452,0.0,0.0,0.0,0.0,0.0,0.0,0.0,0.0,0.0,0.0,0.0,0.0,0.0,0.0,0.0,0.0,0.0,0.0,0.0,0.7,0.2727272727272727,0.5
2024-04-23,0.6534681968955657,0.5852059985404438,0.7554817082551291,0.5460982533076858,-1.0053121531117486,-0.31417326338117174,1,0.6122448979591836,0.730593607305936,0.0,0.0,0.0,0.0,0.0,0.0,0.0,0.0,0.0,0.0,0.0,0.0,0.0,0.0,0.0,0.0,0.0,0.0,0.25,0.7333333333333333,0.2727272727272727,0.5
2024-04-24,0.7920331614131378,0.6426053195156364,0.7328204614830808,0.7431574543923384,0.8035274997604843,-0.318387458573123,1,0.5663265306122448,0.7123287671232876,0.0,0.0,0.0,0.0,0.0,0.0,0.0,0.0,0.0,0.0,0.0,0.0,0.0,0.0,0.0,0.0,0.0,0.0,0.5,0.7666666666666667,0.2727272727272727,0.5
2024-04-25,0.6998427616333015,0.7113735881235965,0.7101592147110326,0.7315723369477899,-0.5894869455549134,-0.3201703873081793,1,0.4285714285714285,0.5792563600782779,0.0,0.0,0.0,0.0,0.0,0.0,0.0,0.0,0.0,0.0,0.0,0.0,0.0,0.0,0.0,0.0,0.0,0.0,0.75,0.8,0.2727272727272727,0.5
2024-04-26,0.6073729970056475,0.6769894538196165,0.665109748236479,0.6852038160377634,-0.5964173656808607,3.4721190321565794,1,0.4515306122448979,0.4794520547945205,0.0,0.0,0.0,0.0,0.0,0.0,0.0,0.0,0.0,0.0,0.0,0.0,0.0,0.0,0.0,0.0,0.0,0.0,1.0,0.8333333333333334,0.2727272727272727,0.5
2024-05-02,0.6073729970056475,0.6082211852116562,0.574737788217829,0.6272501776831884,-0.03505333547913321,2.463062410329941,1,0.4619666048237476,0.5678704856787048,0.0,0.0,0.0,0.0,0.0,0.0,0.0,0.0,0.0,0.0,0.0,0.0,0.0,0.0,0.0,0.0,0.0,0.0,0.75,0.03333333333333333,0.36363636363636365,0.5
2024-05-03,0.6073729970056475,0.688358401452384,0.6200602817619254,0.6620335811486644,-0.03505333547913321,3.110751794446758,1,0.520408163265306,0.6164383561643836,0.0,0.0,0.0,0.0,0.0,0.0,0.0,0.0,0.0,0.0,0.0,0.0,0.0,0.0,0.0,0.0,0.0,0.0,1.0,0.06666666666666668,0.36363636363636365,0.5
2024-05-06,0.9076902084096599,0.6082211852116562,0.7554817082551291,0.7315723369477899,1.7945775777709416,-0.31948152847872574,1,0.4645858343337334,0.547945205479452,0.0,0.0,0.0,0.0,0.0,0.0,0.0,0.0,0.0,0.0,0.0,0.0,0.0,0.0,0.0,0.0,0.0,0.0,0.0,0.16666666666666669,0.36363636363636365,0.5
2024-05-07,0.7920331614131378,0.9060321549090322,0.8682418879762844,0.8938481345669663,-0.7211649279479112,-0.3200893450929495,1,0.44081632653061215,0.6136986301369862,0.0,0.0,0.0,0.0,0.0,0.0,0.0,0.0,0.0,0.0,0.0,0.0,0.0,0.0,0.0,0.0,0.0,0.0,0.25,0.2,0.36363636363636365,0.5
2024-05-08,0.7459379615232197,0.7915108043643243,0.8229193944321881,0.8474796136569398,-0.31227014051702334,-0.3201298662005644,1,0.4285714285714285,0.42839352428393523,0.0,0.0,0.0,0.0,0.0,0.0,0.0,0.0,0.0,0.0,0.0,0.0,0.0,0.0,0.0,0.0,0.0,0.0,0.5,0.23333333333333334,0.36363636363636365,0.5
2024-05-09,0.6766554792644336,0.8372638863010721,0.7101592147110326,0.7779408578578144,-0.45087854303596836,-0.3205755983843285,1,0.5020408163265305,0.5917808219178082,0.0,0.0,0.0,0.0,0.0,0.0,0.0,0.0,0.0,0.0,0.0,0.0,0.0,0.0,0.0,0.0,0.0,0.0,0.75,0.26666666666666666,0.36363636363636365,0.5
2024-05-10,0.5727317558762545,0.6769894538196165,0.5862049251386244,0.6504204125722873,-0.6657215669403332,-0.32126445721378205,1,0.4285714285714285,0.5235920852359208,0.0,0.0,0.0,0.0,0.0,0.0,0.0,0.0,0.0,0.0,0.0,0.0,0.0,0.0,0.0,0.0,0.0,0.0,1.0,0.3,0.36363636363636365,0.5
2024-05-13,0.46880803248807534,0.5852059985404438,0.5296883217432753,0.5460982533076858,-0.6726519870662805,-0.31717182534467553,1,0.39975990396158456,0.5092667203867848,0.0,0.0,0.0,0.0,0.0,0.0,0.0,0.0,0.0,0.0,0.0,0.0,0.0,0.0,0.0,0.0,0.0,0.0,0.0,0.4,0.36363636363636365,0.5
2024-05-14,0.3534303503393711,0.4936998346669484,0.4619776084966735,0.4417760940430843,-0.7488866084517003,-0.3157535865781535,1,0.38147566718995285,0.41306638566912535,0.0,0.0,0.0,0.0,0.0,0.0,0.0,0.0,0.0,0.0,0.0,0.0,0.0,0.0,0.0,0.0,0.0,0.0,0.25,0.43333333333333335,0.36363636363636365,0.5
2024-05-15,0.46880803248807534,0.4132853270205433,0.4057340321708672,0.5113429009740363,0.685710357619381,-0.31846850078835287,1,0.4285714285714285,0.4881693648816936,0.0,0.0,0.0,0.0,0.0,0.0,0.0,0.0,0.0,0.0,0.0,0.0,0.0,0.0,0.0,0.0,0.0,0.0,0.5,0.4666666666666667,0.36363636363636365,0.5
2024-05-16,0.6998427616333015,0.5738370509076762,0.7101592147110326,0.6736186985932129,1.392613210466001,-0.315024206641085,1,0.7387755102040815,0.7378995433789954,0.0,0.0,0.0,0.0,0.0,0.0,0.0,0.0,0.0,0.0,0.0,0.0,0.0,0.0,0.0,0.0,0.0,0.0,0.75,0.5,0.36363636363636365,0.5
2024-05-17,0.6420142381350405,0.688358401452384,0.574737788217829,0.7083740509268623,-0.38157434177649585,-0.3178606841741291,1,0.46723952738990326,0.547945205479452,0.0,0.0,0.0,0.0,0.0,0.0,0.0,0.0,0.0,0.0,0.0,0.0,0.0,0.0,0.0,0.0,0.0,0.0,1.0,0.5333333333333333,0.36363636363636365,0.5
2024-05-20,0.6998427616333015,0.6769894538196165,0.8005311747296826,0.7779408578578144,0.3183980909441767,-0.3145784744573209,1,0.5918367346938774,0.7184170471841704,0.0,0.0,0.0,0.0,0.0,0.0,0.0,0.0,0.0,0.0,0.0,0.0,0.0,0.0,0.0,0.0,0.0,0.0,0.0,0.6333333333333333,0.36363636363636365,0.5
2024-05-21,0.7920331614131378,0.7684956176931118,0.7101592147110326,0.7547425718368889,0.5263106947225943,-0.3165234876228369,1,0.43970315398886817,0.5877957658779576,0.0,0.0,0.0,0.0,0.0,0.0,0.0,0.0,0.0,0.0,0.0,0.0,0.0,0.0,0.0,0.0,0.0,0.0,0.25,0.6666666666666666,0.36363636363636365,0.5
2024-05-22,0.7459379615232197,0.8832942596434971,0.9132913544508381,0.8358944962123893,-0.31227014051702334,-0.31340336233648836,1,0.4285714285714285,0.5235920852359208,0.0,0.0,0.0,0.0,0.0,0.0,0.0,0.0,0.0,0.0,0.0,0.0,0.0,0.0,0.0,0.0,0.0,0.0,0.5,0.7,0.36363636363636365,0.5
2024-05-23,0.6766554792644336,0.7227425357563642,0.6877709950085272,0.7547425718368889,-0.45087854303596836,-0.3165640087304518,1,0.4717887154861944,0.6124093473005641,0.0,0.0,0.0,0.0,0.0,0.0,0.0,0.0,0.0,0.0,0.0,0.0,0.0,0.0,0.0,0.0,0.0,0.0,0.75,0.7333333333333333,0.36363636363636365,0.5
2024-05-24,0.6073729970056475,0.6769894538196165,0.7778699279576344,0.5460982533076858,-0.4578089631619156,-0.31465951667255077,1,0.3705692803437164,0.42105263157894735,0.0,0.0,0.0,0.0,0.0,0.0,0.0,0.0,0.0,0.0,0.0,0.0,0.0,0.0,0.0,0.0,0.0,0.0,1.0,0.7666666666666667,0.36363636363636365,0.5
2024-05-27,0.5380905147468614,0.6309590804771915,0.5070270749712271,0.5577114218840629,-0.4578089631619156,3.4166861569393743,1,0.33673469387755095,0.3287671232876712,0.0,0.0,0.0,0.0,0.0,0.0,0.0,0.0,0.0,0.0,0.0,0.0,0.0,0.0,0.0,0.0,0.0,0.0,0.0,0.8666666666666667,0.36363636363636365,0.5
2024-05-28,0.5841857146367796,0.5394529166036961,0.4619776084966735,0.5692965393286135,0.24909388968470414,-0.3192789229406512,1,0.4285714285714285,0.547945205479452,0.0,0.0,0.0,0.0,0.0,0.0,0.0,0.0,0.0,0.0,0.0,0.0,0.0,0.0,0.0,0.0,0.0,0.0,0.25,0.9,0.36363636363636365,0.5
2024-05-29,0.46880803248807534,0.6426053195156364,0.5184942118920226,0.5692965393286135,-0.741956188325753,-0.31850902189596775,1,0.4285714285714285,0.6027397260273972,0.0,0.0,0.0,0.0,0.0,0.0,0.0,0.0,0.0,0.0,0.0,0.0,0.0,0.0,0.0,0.0,0.0,0.0,0.5,0.9333333333333333,0.36363636363636365,0.5
2024-05-30,0.2609605857117171,0.4019163793877757,0.30416796230096443,0.2910854138684583,-1.317181058779375,-0.3150647277486999,1,0.3061224489795918,0.4383561643835616,0.0,0.0,0.0,0.0,0.0,0.0,0.0,0.0,0.0,0.0,0.0,0.0,0.0,0.0,0.0,0.0,0.0,0.0,0.75,0.9666666666666667,0.36363636363636365,0.5
2024-05-31,0.12267498604196259,0.24136465550064284,0.25884546875686804,0.22154665806933288,-0.908286271348487,-0.31567254436292363,1,0.3605442176870748,0.3774733637747336,0.0,0.0,0.0,0.0,0.0,0.0,0.0,0.0,0.0,0.0,0.0,0.0,0.0,0.0,0.0,0.0,0.0,0.0,1.0,0.9999999999999999,0.36363636363636365,0.5
2024-06-03,0.16877018593188076,0.28739502884306783,0.29270082538016895,0.24474494409026046,0.2560243098106514,-0.315024206641085,1,0.40408163265306113,0.4602739726027397,0.0,0.0,0.0,0.0,0.0,0.0,0.0,0.0,0.0,0.0,0.0,0.0,0.0,0.0,0.0,0.0,0.0,0.0,0.0,0.06666666666666668,0.4545454545454545,0.5
2024-06-04,0.23805266819066684,0.275748789804623,0.2364572490543626,0.32586881733393436,0.4015631324555437,-0.31984621844726,1,0.4285714285714285,0.547945205479452,0.0,0.0,0.0,0.0,0.0,0.0,0.0,0.0,0.0,0.0,0.0,0.0,0.0,0.0,0.0,0.0,0.0,0.0,0.25,0.1,0.4545454545454545,0.5
2024-06-05,0.24950662695119197,0.28739502884306783,0.2364572490543626,0.3490671033548599,0.034250865780339326,-0.31648296651522195,1,0.4285714285714285,0.547945205479452,0.0,0.0,0.0,0.0,0.0,0.0,0.0,0.0,0.0,0.0,0.0,0.0,0.0,0.0,0.0,0.0,0.0,0.0,0.5,0.13333333333333333,0.4545454545454545,0.5
2024-06-06,0.3073351504494529,0.24136465550064284,0.2137960022823144,0.3606522207994104,0.3322589311960712,-0.318387458573123,1,0.4285714285714285,0.6575342465753424,0.0,0.0,0.0,0.0,0.0,0.0,0.0,0.0,0.0,0.0,0.0,0.0,0.0,0.0,0.0,0.0,0.0,0.0,0.75,0.16666666666666669,0.4545454545454545,0.5
2024-06-07,0.2726939093200599,0.33314811077981554,0.25884546875686804,0.3606522207994104,-0.24989635938349805,-0.3192789229406512,1,0.4693877551020407,0.547945205479452,0.0,0.0,0.0,0.0,0.0,0.0,0.0,0.0,0.0,0.0,0.0,0.0,0.0,0.0,0.0,0.0,0.0,0.0,1.0,0.2,0.4545454545454545,0.5
2024-06-10,0.24950662695119197,0.275748789804623,0.3153620721522172,0.32586881733393436,-0.1805921581240255,-0.31518629107154467,1,0.4285714285714285,0.547945205479452,0.0,0.0,0.0,0.0,0.0,0.0,0.0,0.0,0.0,0.0,0.0,0.0,0.0,0.0,0.0,0.0,0.0,0.0,0.0,0.3,0.4545454545454545,0.5
2024-06-11,0.18022414469240586,0.26437984217185534,0.15727939888696532,0.24474494409026046,-0.47166980341381015,-0.31287658793749445,1,0.4285714285714285,0.547945205479452,0.0,0.0,0.0,0.0,0.0,0.0,0.0,0.0,0.0,0.0,0.0,0.0,0.0,0.0,0.0,0.0,0.0,0.0,0.25,0.3333333333333333,0.4545454545454545,0.5
2024-06-12,0.3073351504494529,0.21862676023510763,0.1799406456590135,0.19837642318023394,0.7688753991307481,-0.3123092924308856,1,0.4285714285714285,0.547945205479452,0.0,0.0,0.0,0.0,0.0,0.0,0.0,0.0,0.0,0.0,0.0,0.0,0.0,0.0,0.0,0.0,0.0,0.0,0.5,0.3666666666666667,0.4545454545454545,0.5
2024-06-13,0.41125887383763204,0.3905474317550081,0.2703126056776635,0.4070207417094369,0.6164061563599085,-0.31251189796896023,1,0.4285714285714285,0.6575342465753424,0.0,0.0,0.0,0.0,0.0,0.0,0.0,0.0,0.0,0.0,0.0,0.0,0.0,0.0,0.0,0.0,0.0,0.0,0.75,0.4,0.4545454545454545,0.5
2024-06-14,0.2148653858217989,0.4019163793877757,0.3604115386267708,0.31428369988938387,-1.2548072776458497,-0.3143353478116314,1,0.7755102040816326,0.8036529680365296,0.0,0.0,0.0,0.0,0.0,0.0,0.0,0.0,0.0,0.0,0.0,0.0,0.0,0.0,0.0,0.0,0.0,0.0,1.0,0.43333333333333335,0.4545454545454545,0.5
2024-06-17,-0.015889978475609603,0.19561157356389516,0.07837457578911076,0.08244109533925534,-1.4904415619280562,-0.31153939138620224,1,0.4285714285714285,0.4931506849315068,0.0,0.0,0.0,0.0,0.0,0.0,0.0,0.0,0.0,0.0,0.0,0.0,0.0,0.0,0.0,0.0,0.0,0.0,0.0,0.5333333333333333,0.4545454545454545,0.5
2024-06-18,-0.015889978475609603,0.012321954411227076,-0.02319149408079197,0.08244109533925534,-0.03505333547913321,-0.3181038108198186,1,0.4285714285714285,0.5114155251141552,0.0,0.0,0.0,0.0,0.0,0.0,0.0,0.0,0.0,0.0,0.0,0.0,0.0,0.0,0.0,0.0,0.0,0.0,0.25,0.5666666666666667,0.4545454545454545,0.5
2024-06-19,-0.10835974310326361,0.03533714108243956,-0.07943507040659832,-0.06824958483537065,-0.6310694663105969,-0.3125524190765751,1,0.4285714285714285,0.5041095890410958,0.0,0.0,0.0,0.0,0.0,0.0,0.0,0.0,0.0,0.0,0.0,0.0,0.0,0.0,0.0,0.0,0.0,0.0,0.5,0.6,0.4545454545454545,0.5
2024-06-20,-0.2469247076208358,-0.14795247807022852,-0.21485649689980196,-0.1841568615445206,-0.9360079518522761,-0.3122282502156558,1,0.2755102040816326,0.273972602739726,0.0,0.0,0.0,0.0,0.0,0.0,0.0,0.0,0.0,0.0,0.0,0.0,0.0,0.0,0.0,0.0,0.0,0.0,0.75,0.6333333333333333,0.4545454545454545,0.5
2024-06-21,-0.22373742525196788,-0.2397359333494012,-0.15861292057399562,-0.13778834063449613,0.11741590729170635,-0.3177796419588993,1,0.2755102040816326,0.4383561643835616,0.0,0.0,0.0,0.0,0.0,0.0,0.0,0.0,0.0,0.0,0.0,0.0,0.0,0.0,0.0,0.0,0.0,0.0,1.0,0.6666666666666666,0.4545454545454545,0.5
2024-06-24,-0.36230238976954005,-0.14795247807022852,-0.18100114027650105,-0.2652807347881966,-0.9498687921041706,-0.3157535865781535,1,0.346938775510204,0.4018264840182648,0.0,0.0,0.0,0.0,0.0,0.0,0.0,0.0,0.0,0.0,0.0,0.0,0.0,0.0,0.0,0.0,0.0,0.0,0.0,0.7666666666666667,0.4545454545454545,0.5
2024-06-25,-0.5469625541770304,-0.2854890152861489,-0.32761667662095745,-0.6014454986029266,-1.2686681178977441,-0.3111341803100531,1,0.4285714285714285,0.547945205479452,0.0,0.0,0.0,0.0,0.0,0.0,0.0,0.0,0.0,0.0,0.0,0.0,0.0,0.0,0.0,0.0,0.0,0.0,0.25,0.8,0.4545454545454545,0.5
2024-06-26,-0.4776800719182443,-0.5491931420852221,-0.5307488163607629,-0.4971233393383251,0.43621523308528,-0.3170502620218308,1,0.47448979591836726,0.4657534246575342,0.0,0.0,0.0,0.0,0.0,0.0,0.0,0.0,0.0,0.0,0.0,0.0,0.0,0.0,0.0,0.0,0.0,0.0,0.5,0.8333333333333334,0.4545454545454545,0.5
2024-06-27,-0.5701498365458983,-0.44604073917328174,-0.4856993498862093,-0.47392505331739754,-0.658791146814386,-0.3176175575284396,1,0.4285714285714285,0.5917808219178082,0.0,0.0,0.0,0.0,0.0,0.0,0.0,0.0,0.0,0.0,0.0,0.0,0.0,0.0,0.0,0.0,0.0,0.0,0.75,0.8666666666666667,0.4545454545454545,0.5
2024-06-28,-0.7662639597139138,-0.5835772763892021,-0.5760713099048593,-0.67098425440205,-1.372624419786953,-0.31490264331824025,1,0.3265306122448979,0.4018264840182648,0.0,0.0,0.0,0.0,0.0,0.0,0.0,0.0,0.0,0.0,0.0,0.0,0.0,0.0,0.0,0.0,0.0,0.0,1.0,0.9,0.4545454545454545,0.5
2024-07-01,-0.6162450364358165,-0.7668668955418702,-0.7338809561005684,-0.728937892756627,1.0045096834129548,-0.31923840183303626,1,0.2755102040816326,0.273972602739726,0.0,0.0,0.0,0.0,0.0,0.0,0.0,0.0,0.0,0.0,0.0,0.0,0.0,0.0,0.0,0.0,0.0,0.0,0.0,0.0,0.5454545454545454,0.5
2024-07-02,-0.18909618412257484,-0.5491931420852221,-0.305228456918452,-0.4855382218937746,2.8826535375446602,-0.3076088439475554,1,0.9999999999999999,0.9863013698630136,0.0,0.0,0.0,0.0,0.0,0.0,0.0,0.0,0.0,0.0,0.0,0.0,0.0,0.0,0.0,0.0,0.0,0.0,0.25,0.03333333333333333,0.5454545454545454,0.5
2024-07-03,0.14558290356301282,-0.14795247807022852,0.01066386254250894,-0.13778834063449613,2.161889844446146,-0.3027463110337654,1,0.857142857142857,0.8767123287671232,0.0,0.0,0.0,0.0,0.0,0.0,0.0,0.0,0.0,0.0,0.0,0.0,0.0,0.0,0.0,0.0,0.0,0.0,0.5,0.06666666666666668,0.5454545454545454,0.5
2024-07-04,0.16877018593188076,0.08109022301918727,0.05598635608660532,0.1520079022702074,0.1104854871657591,-0.3122282502156558,1,0.6122448979591836,0.8767123287671232,0.0,0.0,0.0,0.0,0.0,0.0,0.0,0.0,0.0,0.0,0.0,0.0,0.0,0.0,0.0,0.0,0.0,0.0,0.75,0.1,0.5454545454545454,0.5
2024-07-05,0.16877018593188076,0.16122743925991506,0.2364572490543626,0.22154665806933288,-0.03505333547913321,-0.3026652688185356,1,0.1224489795918367,0.1095890410958904,0.0,0.0,0.0,0.0,0.0,0.0,0.0,0.0,0.0,0.0,0.0,0.0,0.0,0.0,0.0,0.0,0.0,0.0,1.0,0.13333333333333333,0.5454545454545454,0.5
2024-07-08,0.09948770367309466,0.20725781260234002,0.14608528903571258,0.14042278482565895,-0.47166980341381015,-0.3155915021476938,1,0.857142857142857,0.8767123287671232,0.0,0.0,0.0,0.0,0.0,0.0,0.0,0.0,0.0,0.0,0.0,0.0,0.0,0.0,0.0,0.0,0.0,0.0,0.0,0.23333333333333334,0.5454545454545454,0.5
2024-07-09,0.2148653858217989,0.19561157356389516,0.19113475551026624,0.17517813715930838,0.6995711978712756,-0.3127145035070348,1,0.4285714285714285,0.4748858447488584,0.0,0.0,0.0,0.0,0.0,0.0,0.0,0.0,0.0,0.0,0.0,0.0,0.0,0.0,0.0,0.0,0.0,0.0,0.25,0.26666666666666666,0.5454545454545454,0.5
2024-07-10,0.07630042130422673,0.275748789804623,0.16874653580776078,0.17517813715930838,-0.908286271348487,-0.31542941771723415,1,0.4285714285714285,0.5917808219178082,0.0,0.0,0.0,0.0,0.0,0.0,0.0,0.0,0.0,0.0,0.0,0.0,0.0,0.0,0.0,0.0,0.0,0.0,0.5,0.3,0.5454545454545454,0.5
2024-07-11,0.05339250378317649,0.18424262593112753,0.06718046593785805,0.1520079022702074,-0.1805921581240255,-0.31895475407973184,1,0.3265306122448979,0.4383561643835616,0.0,0.0,0.0,0.0,0.0,0.0,0.0,0.0,0.0,0.0,0.0,0.0,0.0,0.0,0.0,0.0,0.0,0.0,0.75,0.3333333333333333,0.5454545454545454,0.5
2024-07-12,0.007017939045440637,0.058075036347974784,0.01066386254250894,0.024487456984680363,-0.3330614008948651,-0.31826589525027826,1,0.4285714285714285,0.547945205479452,0.0,0.0,0.0,0.0,0.0,0.0,0.0,0.0,0.0,0.0,0.0,0.0,0.0,0.0,0.0,0.0,0.0,0.0,1.0,0.3666666666666667,0.5454545454545454,0.5
2024-07-15,-0.004436019715084482,0.08109022301918727,-0.02319149408079197,0.036072574429230855,-0.11128795686455298,-0.3195220495863407,1,0.3061224489795918,0.37260273972602737,0.0,0.0,0.0,0.0,0.0,0.0,0.0,0.0,0.0,0.0,0.0,0.0,0.0,0.0,0.0,0.0,0.0,0.0,0.0,0.4666666666666667,0.5454545454545454,0.5
2024-07-16,0.1341289448024877,0.03533714108243956,0.25884546875686804,0.08244109533925534,0.8589708607680624,-0.3052991408135052,1,0.1224489795918367,0.1095890410958904,0.0,0.0,0.0,0.0,0.0,0.0,0.0,0.0,0.0,0.0,0.0,0.0,0.0,0.0,0.0,0.0,0.0,0.0,0.25,0.5,0.5454545454545454,0.5
2024-07-17,0.3302430679705032,0.28739502884306783,0.6424485014644308,0.32586881733393436,1.2124222871913723,-0.2868215157411035,1,0.893877551020408,0.8986301369863013,0.0,0.0,0.0,0.0,0.0,0.0,0.0,0.0,0.0,0.0,0.0,0.0,0.0,0.0,0.0,0.0,0.0,0.0,0.5,0.5333333333333333,0.5454545454545454,0.5
2024-07-18,0.4459001149670251,0.4476694613245234,0.4846388552687217,0.39540757313305985,0.685710357619381,-0.30882447717600287,1,0.5306122448979591,0.6575342465753424,0.0,0.0,0.0,0.0,0.0,0.0,0.0,0.0,0.0,0.0,0.0,0.0,0.0,0.0,0.0,0.0,0.0,0.0,0.75,0.5666666666666667,0.5454545454545454,0.5
2024-07-19,0.2609605857117171,0.4936998346669484,0.41692814202211986,0.31428369988938387,-1.17857265626043,-0.31020219483490996,1,0.2755102040816326,0.3835616438356164,0.0,0.0,0.0,0.0,0.0,0.0,0.0,0.0,0.0,0.0,0.0,0.0,0.0,0.0,0.0,0.0,0.0,0.0,1.0,0.6,0.5454545454545454,0.5
2024-07-22,0.2609605857117171,0.24136465550064284,0.3492174287755181,0.24474494409026046,-0.03505333547913321,-0.3084597872074686,1,0.6244897959183673,0.6356164383561643,0.0,0.0,0.0,0.0,0.0,0.0,0.0,0.0,0.0,0.0,0.0,0.0,0.0,0.0,0.0,0.0,0.0,0.0,0.0,0.7,0.5454545454545454,0.5
2024-07-23,-0.13126766062431386,0.26437984217185534,0.24765135890561532,-0.3812160626291731,-2.502282900316355,-0.30882447717600287,1,0.5306122448979591,0.7671232876712328,0.0,0.0,0.0,0.0,0.0,0.0,0.0,0.0,0.0,0.0,0.0,0.0,0.0,0.0,0.0,0.0,0.0,0.0,0.25,0.7333333333333333,0.5454545454545454,0.5
2024-07-24,-0.10835974310326361,-0.37727247056532154,-0.0682409605553456,-0.2652807347881966,0.11741590729170635,-0.31316023569079887,1,0.2244897959183673,0.2557077625570776,0.0,0.0,0.0,0.0,0.0,0.0,0.0,0.0,0.0,0.0,0.0,0.0,0.0,0.0,0.0,0.0,0.0,0.0,0.5,0.7666666666666667,0.5454545454545454,0.5
2024-07-25,-0.13126766062431386,-0.0450773665639655,-0.15861292057399562,-0.14937345807904456,-0.18752257824997276,-0.3181443319274335,1,0.47755102040816316,0.547945205479452,0.0,0.0,0.0,0.0,0.0,0.0,0.0,0.0,0.0,0.0,0.0,0.0,0.0,0.0,0.0,0.0,0.0,0.0,0.75,0.8,0.5454545454545454,0.5
2024-07-26,-0.07371850197387057,-0.0794615008679456,-0.13595167380194742,-0.06824958483537065,0.33918935132201844,-0.31923840183303626,1,0.4285714285714285,0.547945205479452,0.0,0.0,0.0,0.0,0.0,0.0,0.0,0.0,0.0,0.0,0.0,0.0,0.0,0.0,0.0,0.0,0.0,0.0,1.0,0.8333333333333334,0.5454545454545454,0.5
2024-07-29,0.12267498604196259,-0.06781526182950072,0.02213099946330441,0.04768574300560794,1.2401439676951613,-0.32021090841579425,1,0.5918367346938774,0.6210045662100456,0.0,0.0,0.0,0.0,0.0,0.0,0.0,0.0,0.0,0.0,0.0,0.0,0.0,0.0,0.0,0.0,0.0,0.0,0.0,0.9333333333333333,0.5454545454545454,0.5
2024-07-30,0.05339250378317649,0.16122743925991506,0.04451921916580985,0.08244109533925534,-0.4786002235397574,-0.31413274227355686,1,0.6734693877551019,0.7671232876712328,0.0,0.0,0.0,0.0,0.0,0.0,0.0,0.0,0.0,0.0,0.0,0.0,0.0,0.0,0.0,0.0,0.0,0.0,0.25,0.9666666666666667,0.5454545454545454,0.5
2024-07-31,0.23805266819066684,0.08109022301918727,0.28150671552891626,0.17517813715930838,1.150048506057847,-0.3097969837587608,1,0.5918367346938774,0.547945205479452,0.0,0.0,0.0,0.0,0.0,0.0,0.0,0.0,0.0,0.0,0.0,0.0,0.0,0.0,0.0,0.0,0.0,0.0,0.5,0.9999999999999999,0.5454545454545454,0.5
2024-08-01,0.05339250378317649,0.28739502884306783,0.3942668952500717,0.1520079022702074,-1.1993639166382717,-0.30655529514956753,1,0.4285714285714285,0.6575342465753424,0.0,0.0,0.0,0.0,0.0,0.0,0.0,0.0,0.0,0.0,0.0,0.0,0.0,0.0,0.0,0.0,0.0,0.0,0.75,0.0,0.6363636363636364,0.5
2024-08-02,0.2726939093200599,-0.033431127525520625,0.13489117918445986,0.08244109533925534,1.371821950088159,-0.31567254436292363,1,0.4285714285714285,0.4383561643835616,0.0,0.0,0.0,0.0,0.0,0.0,0.0,0.0,0.0,0.0,0.0,0.0,0.0,0.0,0.0,0.0,0.0,0.0,1.0,0.03333333333333333,0.6363636363636364,0.5
2024-08-05,-0.10835974310326361,0.058075036347974784,0.01066386254250894,-0.2652807347881966,-2.4329786990568825,-0.31198512356996627,1,0.4285714285714285,0.547945205479452,0.0,0.0,0.0,0.0,0.0,0.0,0.0,0.0,0.0,0.0,0.0,0.0,0.0,0.0,0.0,0.0,0.0,0.0,0.0,0.13333333333333333,0.6363636363636364,0.5
2024-08-06,0.041659180174833686,-0.056446314196733106,0.11222993241241168,-0.06824958483537065,0.9421359022794293,-0.3164424454076071,1,0.15306122448979587,0.3287671232876712,0.0,0.0,0.0,0.0,0.0,0.0,0.0,0.0,0.0,0.0,0.0,0.0,0.0,0.0,0.0,0.0,0.0,0.0,0.25,0.16666666666666669,0.6363636363636364,0.5
2024-08-07,-0.039077260844477525,0.17287367829835992,0.05598635608660532,-0.03346618136989461,-0.5548348449251772,-0.3147810799953955,1,0.47755102040816316,0.6794520547945205,0.0,0.0,0.0,0.0,0.0,0.0,0.0,0.0,0.0,0.0,0.0,0.0,0.0,0.0,0.0,0.0,0.0,0.0,0.5,0.2,0.6363636363636364,0.5
2024-08-08,-0.13126766062431386,-0.033431127525520625,-0.07943507040659832,-0.1030049371690201,-0.6310694663105969,-0.31834693746550813,1,0.3061224489795918,0.37260273972602737,0.0,0.0,0.0,0.0,0.0,0.0,0.0,0.0,0.0,0.0,0.0,0.0,0.0,0.0,0.0,0.0,0.0,0.0,0.75,0.23333333333333334,0.6363636363636364,0.5
2024-08-09,0.030205221414308564,0.08109022301918727,-0.03438560393204469,0.04768574300560794,1.0183705236648493,-0.3201703873081793,1,0.4285714285714285,0.6575342465753424,0.0,0.0,0.0,0.0,0.0,0.0,0.0,0.0,0.0,0.0,0.0,0.0,0.0,0.0,0.0,0.0,0.0,0.0,1.0,0.26666666666666666,0.6363636363636364,0.5
2024-08-12,0.05339250378317649,0.012321954411227076,0.04451921916580985,0.08244109533925534,0.11741590729170635,-0.3186711063264274,1,0.3673469387755101,0.5114155251141552,0.0,0.0,0.0,0.0,0.0,0.0,0.0,0.0,0.0,0.0,0.0,0.0,0.0,0.0,0.0,0.0,0.0,0.0,0.0,0.3666666666666667,0.6363636363636364,0.5
2024-08-13,0.018751262653783442,0.08109022301918727,-0.00053024730874378,0.08244109533925534,-0.2568267795094453,-0.320332471738639,1,0.4285714285714285,0.4748858447488584,0.0,0.0,0.0,0.0,0.0,0.0,0.0,0.0,0.0,0.0,0.0,0.0,0.0,0.0,0.0,0.0,0.0,0.0,0.25,0.4,0.6363636363636364,0.5
2024-08-14,0.11094166243361978,0.03533714108243956,0.13489117918445986,0.1520079022702074,0.5609627953523305,-0.316969219806601,1,0.4285714285714285,0.547945205479452,0.0,0.0,0.0,0.0,0.0,0.0,0.0,0.0,0.0,0.0,0.0,0.0,0.0,0.0,0.0,0.0,0.0,0.0,0.5,0.43333333333333335,0.6363636363636364,0.5
2024-08-15,0.018751262653783442,0.09245917065195487,0.06718046593785805,0.11722449880473138,-0.6241390461846497,-0.3203729928462539,1,0.4285714285714285,0.547945205479452,0.0,0.0,0.0,0.0,0.0,0.0,0.0,0.0,0.0,0.0,0.0,0.0,0.0,0.0,0.0,0.0,0.0,0.0,0.75,0.4666666666666667,0.6363636363636364,0.5
2024-08-16,0.2148653858217989,0.02369090204399469,0.2026018924310617,0.14042278482565895,1.2262831274432668,-0.31364648898217784,1,0.4285714285714285,0.4383561643835616,0.0,0.0,0.0,0.0,0.0,0.0,0.0,0.0,0.0,0.0,0.0,0.0,0.0,0.0,0.0,0.0,0.0,0.0,1.0,0.5,0.6363636363636364,0.5
2024-08-19,0.3073351504494529,0.26437984217185534,0.30416796230096443,0.33745393477848484,0.547101955100436,-0.31498368553347006,1,0.4285714285714285,0.6210045662100456,0.0,0.0,0.0,0.0,0.0,0.0,0.0,0.0,0.0,0.0,0.0,0.0,0.0,0.0,0.0,0.0,0.0,0.0,0.0,0.6,0.6363636363636364,0.5
2024-08-20,0.5959190382451224,0.37890119271656325,0.4619776084966735,0.4649743800640119,1.7737863173930999,-0.3039619442622129,1,0.5306122448979591,0.5844748858447488,0.0,0.0,0.0,0.0,0.0,0.0,0.0,0.0,0.0,0.0,0.0,0.0,0.0,0.0,0.0,0.0,0.0,0.0,0.25,0.6333333333333333,0.6363636363636364,0.5
2024-08-21,0.9305981259307101,0.6426053195156364,0.8229193944321881,0.6736186985932129,2.0094206016753065,-0.2950473005869314,1,0.6122448979591836,0.6575342465753424,0.0,0.0,0.0,0.0,0.0,0.0,0.0,0.0,0.0,0.0,0.0,0.0,0.0,0.0,0.0,0.0,0.0,0.0,0.5,0.6666666666666666,0.6363636363636364,0.5
2024-08-22,0.8613156436719239,0.9978156101882049,0.9359526012228863,0.8706778996778654,-0.4439481229100211,-0.31190408135473646,1,0.8367346938775508,0.91324200913242,0.0,0.0,0.0,0.0,0.0,0.0,0.0,0.0,0.0,0.0,0.0,0.0,0.0,0.0,0.0,0.0,0.0,0.0,0.75,0.7,0.6363636363636364,0.5
2024-08-23,0.9076902084096599,0.8145259910355368,0.8229193944321881,0.9170183694560653,0.24216346955875692,-0.31417326338117174,1,0.4285714285714285,0.7671232876712328,0.0,0.0,0.0,0.0,0.0,0.0,0.0,0.0,0.0,0.0,0.0,0.0,0.0,0.0,0.0,0.0,0.0,0.0,1.0,0.7333333333333333,0.6363636363636364,0.5
2024-08-26,0.8384077261508738,0.95178523684578,0.8455806412042363,0.9170183694560653,-0.4439481229100211,-0.3142948267040165,1,0.7142857142857142,0.7671232876712328,0.0,0.0,0.0,0.0,0.0,0.0,0.0,0.0,0.0,0.0,0.0,0.0,0.0,0.0,0.0,0.0,0.0,0.0,0.0,0.8333333333333334,0.6363636363636364,0.5
2024-08-27,0.6998427616333015,0.8372638863010721,0.7101592147110326,0.6852038160377634,-0.8667037505928035,-0.3049344508449709,1,0.5306122448979591,0.6210045662100456,0.0,0.0,0.0,0.0,0.0,0.0,0.0,0.0,0.0,0.0,0.0,0.0,0.0,0.0,0.0,0.0,0.0,0.0,0.25,0.8666666666666667,0.6363636363636364,0.5
2024-08-28,0.6998427616333015,0.6769894538196165,0.7101592147110326,0.7779408578578144,-0.03505333547913321,-0.31940048626349593,1,0.2755102040816326,0.4383561643835616,0.0,0.0,0.0,0.0,0.0,0.0,0.0,0.0,0.0,0.0,0.0,0.0,0.0,0.0,0.0,0.0,0.0,0.0,0.5,0.9,0.6363636363636364,0.5
2024-08-29,0.6305602793745154,0.6082211852116562,0.7778699279576344,0.7315723369477899,-0.45087854303596836,-0.3170502620218308,1,0.4285714285714285,0.4018264840182648,0.0,0.0,0.0,0.0,0.0,0.0,0.0,0.0,0.0,0.0,0.0,0.0,0.0,0.0,0.0,0.0,0.0,0.0,0.75,0.9333333333333333,0.6363636363636364,0.5
2024-08-30,0.5380905147468614,0.6653432147811715,0.574737788217829,0.6388352951277368,-0.5964173656808607,-0.31648296651522195,1,0.4285714285714285,0.3287671232876712,0.0,0.0,0.0,0.0,0.0,0.0,0.0,0.0,0.0,0.0,0.0,0.0,0.0,0.0,0.0,0.0,0.0,0.0,1.0,0.9666666666666667,0.6363636363636364,0.5
2024-09-04,0.5498238383552042,0.4249315660589882,0.5184942118920226,0.4649743800640119,0.034250865780339326,-0.31567254436292363,1,0.4285714285714285,0.4383561643835616,0.0,0.0,0.0,0.0,0.0,0.0,0.0,0.0,0.0,0.0,0.0,0.0,0.0,0.0,0.0,0.0,0.0,0.0,0.5,0.1,0.7272727272727273,0.5
2024-09-05,0.49199531485694326,0.48205359562850353,0.5296883217432753,0.5692965393286135,-0.3885047619024431,-0.315996713223843,1,0.4285714285714285,0.6356164383561643,0.0,0.0,0.0,0.0,0.0,0.0,0.0,0.0,0.0,0.0,0.0,0.0,0.0,0.0,0.0,0.0,0.0,0.0,0.75,0.13333333333333333,0.7272727272727273,0.5
2024-09-06,0.6305602793745154,0.4706846479957359,0.5296883217432753,0.5808816567731618,0.8173883400123788,-0.3137275311974077,1,0.4285714285714285,0.5792563600782779,0.0,0.0,0.0,0.0,0.0,0.0,0.0,0.0,0.0,0.0,0.0,0.0,0.0,0.0,0.0,0.0,0.0,0.0,1.0,0.16666666666666669,0.7272727272727273,0.5
2024-09-09,0.5727317558762545,0.5852059985404438,0.5408824315945281,0.6388352951277368,-0.3885047619024431,-0.31944100737111086,1,0.4285714285714285,0.6356164383561643,0.0,0.0,0.0,0.0,0.0,0.0,0.0,0.0,0.0,0.0,0.0,0.0,0.0,0.0,0.0,0.0,0.0,0.0,0.0,0.26666666666666666,0.7272727272727273,0.5
2024-09-10,0.4459001149670251,0.6082211852116562,0.4846388552687217,0.5345131358631374,-0.8112603895852256,-0.31356544676694803,1,0.3061224489795918,0.37260273972602737,0.0,0.0,0.0,0.0,0.0,0.0,0.0,0.0,0.0,0.0,0.0,0.0,0.0,0.0,0.0,0.0,0.0,0.0,0.25,0.3,0.7272727272727273,0.5
2024-09-11,0.39952555022928926,0.4132853270205433,0.33802331892426535,0.4301909765985359,-0.31920056064297053,-0.31842797968073794,1,0.2244897959183673,0.2557077625570776,0.0,0.0,0.0,0.0,0.0,0.0,0.0,0.0,0.0,0.0,0.0,0.0,0.0,0.0,0.0,0.0,0.0,0.0,0.5,0.3333333333333333,0.7272727272727273,0.5
2024-09-12,0.41125887383763204,0.4249315660589882,0.3492174287755181,0.5113429009740363,0.04118128590628657,-0.3198867395548749,1,0.45918367346938765,0.6027397260273972,0.0,0.0,0.0,0.0,0.0,0.0,0.0,0.0,0.0,0.0,0.0,0.0,0.0,0.0,0.0,0.0,0.0,0.0,0.75,0.3666666666666667,0.7272727272727273,0.5
2024-09-13,0.376617632708239,0.356163297451028,0.3153620721522172,0.47655949750856036,-0.24989635938349805,3.3392097991796548,1,0.3673469387755101,0.4018264840182648,0.0,0.0,0.0,0.0,0.0,0.0,0.0,0.0,0.0,0.0,0.0,0.0,0.0,0.0,0.0,0.0,0.0,0.0,1.0,0.4,0.7272727272727273,0.5
2024-09-16,0.2726939093200599,0.356163297451028,0.32655618200346986,0.3722373382439609,-0.6795824071922277,-0.3176175575284396,1,0.2244897959183673,0.182648401826484,0.0,0.0,0.0,0.0,0.0,0.0,0.0,0.0,0.0,0.0,0.0,0.0,0.0,0.0,0.0,0.0,0.0,0.0,0.0,0.5,0.7272727272727273,0.5
2024-09-17,0.49199531485694326,0.26437984217185534,0.3492174287755181,0.31428369988938387,1.34410026958437,-0.3186305852188125,1,0.5816326530612244,0.6575342465753424,0.0,0.0,0.0,0.0,0.0,0.0,0.0,0.0,0.0,0.0,0.0,0.0,0.0,0.0,0.0,0.0,0.0,0.0,0.25,0.5333333333333333,0.7272727272727273,0.5
2024-09-18,0.5727317558762545,0.4936998346669484,0.5184942118920226,0.5460982533076858,0.46393691358906897,-0.3163208820847623,1,0.5160349854227404,0.6105675146771037,0.0,0.0,0.0,0.0,0.0,0.0,0.0,0.0,0.0,0.0,0.0,0.0,0.0,0.0,0.0,0.0,0.0,0.0,0.5,0.5666666666666667,0.7272727272727273,0.5
2024-09-19,0.6188269557661726,0.5852059985404438,0.5070270749712271,0.6156650602386379,0.24909388968470414,-0.3186711063264274,1,0.4285714285714285,0.547945205479452,0.0,0.0,0.0,0.0,0.0,0.0,0.0,0.0,0.0,0.0,0.0,0.0,0.0,0.0,0.0,0.0,0.0,0.0,0.75,0.6,0.7272727272727273,0.5
2024-09-20,0.5727317558762545,0.653974267148404,0.6200602817619254,0.6736186985932129,-0.31920056064297053,-0.3123092924308856,1,0.3673469387755101,0.4383561643835616,0.0,0.0,0.0,0.0,0.0,0.0,0.0,0.0,0.0,0.0,0.0,0.0,0.0,0.0,0.0,0.0,0.0,0.0,1.0,0.6333333333333333,0.7272727272727273,0.5
2024-09-23,0.49199531485694326,0.5508218642364637,0.5070270749712271,0.5924667742177123,-0.5271131644213881,-0.319359965155881,1,0.5816326530612244,0.6575342465753424,0.0,0.0,0.0,0.0,0.0,0.0,0.0,0.0,0.0,0.0,0.0,0.0,0.0,0.0,0.0,0.0,0.0,0.0,0.0,0.7333333333333333,0.7272727272727273,0.5
2024-09-24,0.6188269557661726,0.5280839689709285,0.47317171834792626,0.5460982533076858,0.7480841387529062,-0.318387458573123,1,0.4285714285714285,0.547945205479452,0.0,0.0,0.0,0.0,0.0,0.0,0.0,0.0,0.0,0.0,0.0,0.0,0.0,0.0,0.0,0.0,0.0,0.0,0.25,0.7666666666666667,0.7272727272727273,0.5
2024-09-25,0.7920331614131378,0.6997273490851517,0.7328204614830808,0.7431574543923384,1.0183705236648493,-0.2995451435321871,1,0.5160349854227404,0.6105675146771037,0.0,0.0,0.0,0.0,0.0,0.0,0.0,0.0,0.0,0.0,0.0,0.0,0.0,0.0,0.0,0.0,0.0,0.0,0.5,0.8,0.7272727272727273,0.5
2024-09-26,0.7920331614131378,0.8372638863010721,0.8229193944321881,0.8590647311014903,-0.03505333547913321,-0.30456976087643667,1,0.4285714285714285,0.4931506849315068,0.0,0.0,0.0,0.0,0.0,0.0,0.0,0.0,0.0,0.0,0.0,0.0,0.0,0.0,0.0,0.0,0.0,0.0,0.75,0.8333333333333334,0.7272727272727273,0.5
2024-09-27,0.8152204437820058,0.8372638863010721,1.0260515341719936,0.8938481345669663,0.10355506703981185,-0.30959437822068625,1,0.7040816326530611,0.7671232876712328,0.0,0.0,0.0,0.0,0.0,0.0,0.0,0.0,0.0,0.0,0.0,0.0,0.0,0.0,0.0,0.0,0.0,0.0,1.0,0.8666666666666667,0.7272727272727273,0.5
2024-09-30,0.7227506791543518,0.7915108043643243,0.6877709950085272,0.8011110927469133,-0.5894869455549134,-0.3145784744573209,1,0.41496598639455773,0.4505327245053272,0.0,0.0,0.0,0.0,0.0,0.0,0.0,0.0,0.0,0.0,0.0,0.0,0.0,0.0,0.0,0.0,0.0,0.0,0.0,0.9666666666666667,0.7272727272727273,0.5
2024-10-01,0.7227506791543518,0.6997273490851517,0.8005311747296826,0.8243093787678409,-0.03505333547913321,-0.3114988702785873,1,0.4285714285714285,0.547945205479452,0.0,0.0,0.0,0.0,0.0,0.0,0.0,0.0,0.0,0.0,0.0,0.0,0.0,0.0,0.0,0.0,0.0,0.0,0.25,0.0,0.8181818181818182,0.5
2024-10-02,0.7459379615232197,0.6997273490851517,0.6877709950085272,0.8011110927469133,0.10355506703981185,-0.3163208820847623,1,0.4285714285714285,0.547945205479452,0.0,0.0,0.0,0.0,0.0,0.0,0.0,0.0,0.0,0.0,0.0,0.0,0.0,0.0,0.0,0.0,0.0,0.0,0.5,0.03333333333333333,0.8181818181818182,0.5
2024-10-03,0.6766554792644336,0.7227425357563642,0.8229193944321881,0.7779408578578144,-0.45087854303596836,-0.3081356183465493,1,0.4285714285714285,0.5166340508806262,0.0,0.0,0.0,0.0,0.0,0.0,0.0,0.0,0.0,0.0,0.0,0.0,0.0,0.0,0.0,0.0,0.0,0.0,0.75,0.06666666666666668,0.8181818181818182,0.5
2024-10-04,0.6073729970056475,0.653974267148404,0.5523495685153236,0.6967889334823139,-0.4578089631619156,-0.31470003778016564,1,0.4285714285714285,0.5205479452054794,0.0,0.0,0.0,0.0,0.0,0.0,0.0,0.0,0.0,0.0,0.0,0.0,0.0,0.0,0.0,0.0,0.0,0.0,1.0,0.1,0.8181818181818182,0.5
2024-10-07,0.5727317558762545,0.653974267148404,0.5296883217432753,0.6620335811486644,-0.24296593925755078,-0.31798224749697385,1,0.4285714285714285,0.547945205479452,0.0,0.0,0.0,0.0,0.0,0.0,0.0,0.0,0.0,0.0,0.0,0.0,0.0,0.0,0.0,0.0,0.0,0.0,0.0,0.2,0.8181818181818182,0.5
2024-10-08,0.5380905147468614,0.5508218642364637,0.49583296511997443,0.6156650602386379,-0.24989635938349805,-0.315996713223843,1,0.4285714285714285,0.4602739726027397,0.0,0.0,0.0,0.0,0.0,0.0,0.0,0.0,0.0,0.0,0.0,0.0,0.0,0.0,0.0,0.0,0.0,0.0,0.25,0.23333333333333334,0.8181818181818182,0.5
2024-10-09,0.6652015205039085,0.5852059985404438,0.5523495685153236,0.6156650602386379,0.7480841387529062,-0.3145784744573209,1,0.49854227405247803,0.547945205479452,0.0,0.0,0.0,0.0,0.0,0.0,0.0,0.0,0.0,0.0,0.0,0.0,0.0,0.0,0.0,0.0,0.0,0.0,0.5,0.26666666666666666,0.8181818181818182,0.5
2024-10-10,0.7344840027626945,0.7571266700603443,0.6312543916131781,0.7547425718368889,0.3877022922036492,-0.3123092924308856,1,0.5755102040816326,0.6794520547945205,0.0,0.0,0.0,0.0,0.0,0.0,0.0,0.0,0.0,0.0,0.0,0.0,0.0,0.0,0.0,0.0,0.0,0.0,0.75,0.3,0.8181818181818182,0.5
2024-10-11,0.6534681968955657,0.7341114833891318,0.6085931448411299,0.7315723369477899,-0.5271131644213881,-0.3177796419588993,1,0.2244897959183673,0.2557077625570776,0.0,0.0,0.0,0.0,0.0,0.0,0.0,0.0,0.0,0.0,0.0,0.0,0.0,0.0,0.0,0.0,0.0,0.0,1.0,0.3333333333333333,0.8181818181818182,0.5
2024-10-14,0.6534681968955657,0.653974267148404,0.5862049251386244,0.7547425718368889,-0.03505333547913321,-0.3196030918015705,1,0.7040816326530611,0.7671232876712328,0.0,0.0,0.0,0.0,0.0,0.0,0.0,0.0,0.0,0.0,0.0,0.0,0.0,0.0,0.0,0.0,0.0,0.0,0.0,0.43333333333333335,0.8181818181818182,0.5
2024-10-15,0.7920331614131378,0.653974267148404,0.8682418879762844,0.7779408578578144,0.8035274997604843,-0.29135987979397404,1,0.48979591836734687,0.7123287671232876,0.0,0.0,0.0,0.0,0.0,0.0,0.0,0.0,0.0,0.0,0.0,0.0,0.0,0.0,0.0,0.0,0.0,0.0,0.25,0.4666666666666667,0.8181818181818182,0.5
2024-10-16,0.7573919202837448,0.7684956176931118,0.7554817082551291,0.8474796136569398,-0.24296593925755078,-0.3165234876228369,1,0.4285714285714285,0.547945205479452,0.0,0.0,0.0,0.0,0.0,0.0,0.0,0.0,0.0,0.0,0.0,0.0,0.0,0.0,0.0,0.0,0.0,0.0,0.5,0.5,0.8181818181818182,0.5
2024-10-17,0.8613156436719239,0.8145259910355368,0.7101592147110326,0.7895259753023649,0.5886844758561195,-0.3149431644258552,1,0.6326530612244897,0.6940639269406392,0.0,0.0,0.0,0.0,0.0,0.0,0.0,0.0,0.0,0.0,0.0,0.0,0.0,0.0,0.0,0.0,0.0,0.0,0.75,0.5333333333333333,0.8181818181818182,0.5
2024-10-18,0.8613156436719239,0.9290473415802447,0.8682418879762844,0.9633868903660898,-0.03505333547913321,-0.3086623927455432,1,0.4285714285714285,0.547945205479452,0.0,0.0,0.0,0.0,0.0,0.0,0.0,0.0,0.0,0.0,0.0,0.0,0.0,0.0,0.0,0.0,0.0,0.0,1.0,0.5666666666666667,0.8181818181818182,0.5
2024-10-21,0.7112967203938266,0.7684956176931118,0.6877709950085272,0.8126962101914638,-0.9290775317263288,-0.31490264331824025,1,0.6326530612244897,0.8401826484018264,0.0,0.0,0.0,0.0,0.0,0.0,0.0,0.0,0.0,0.0,0.0,0.0,0.0,0.0,0.0,0.0,0.0,0.0,0.0,0.6666666666666666,0.8181818181818182,0.5
2024-10-22,0.5034492736174684,0.6997273490851517,0.574737788217829,0.5924667742177123,-1.2894593782755859,-0.30878395606838793,1,0.4285714285714285,0.5844748858447488,0.0,0.0,0.0,0.0,0.0,0.0,0.0,0.0,0.0,0.0,0.0,0.0,0.0,0.0,0.0,0.0,0.0,0.0,0.25,0.7,0.8181818181818182,0.5
2024-10-23,0.4227128325981572,0.48205359562850353,0.3604115386267708,0.4301909765985359,-0.5340435845473354,-0.31356544676694803,1,0.15306122448979587,0.1643835616438356,0.0,0.0,0.0,0.0,0.0,0.0,0.0,0.0,0.0,0.0,0.0,0.0,0.0,0.0,0.0,0.0,0.0,0.0,0.5,0.7333333333333333,0.8181818181818182,0.5
2024-10-24,0.3302430679705032,0.33314811077981554,0.38307278539881895,0.4301909765985359,-0.6102782059327552,-0.3181443319274335,1,0.34110787172011653,0.3913894324853229,0.0,0.0,0.0,0.0,0.0,0.0,0.0,0.0,0.0,0.0,0.0,0.0,0.0,0.0,0.0,0.0,0.0,0.0,0.75,0.7666666666666667,0.8181818181818182,0.5
2024-10-25,0.2148653858217989,0.3217791631470479,0.25884546875686804,0.31428369988938387,-0.7558170285776475,-0.31700974091421585,1,0.35204081632653056,0.410958904109589,0.0,0.0,0.0,0.0,0.0,0.0,0.0,0.0,0.0,0.0,0.0,0.0,0.0,0.0,0.0,0.0,0.0,0.0,1.0,0.8,0.8181818181818182,0.5
2024-10-28,0.2148653858217989,0.19561157356389516,0.13489117918445986,0.2679151789793594,-0.03505333547913321,-0.31684765648375623,1,0.2755102040816326,0.3287671232876712,0.0,0.0,0.0,0.0,0.0,0.0,0.0,0.0,0.0,0.0,0.0,0.0,0.0,0.0,0.0,0.0,0.0,0.0,0.0,0.9,0.8181818181818182,0.5
2024-10-29,0.2265987094301417,0.24136465550064284,0.29270082538016895,0.31428369988938387,0.04118128590628657,-0.31465951667255077,1,0.4285714285714285,0.547945205479452,0.0,0.0,0.0,0.0,0.0,0.0,0.0,0.0,0.0,0.0,0.0,0.0,0.0,0.0,0.0,0.0,0.0,0.0,0.25,0.9333333333333333,0.8181818181818182,0.5
2024-10-30,0.2609605857117171,0.22999570786787524,0.2364572490543626,0.3490671033548599,0.17978968842523163,-0.318387458573123,1,0.4285714285714285,0.6210045662100456,0.0,0.0,0.0,0.0,0.0,0.0,0.0,0.0,0.0,0.0,0.0,0.0,0.0,0.0,0.0,0.0,0.0,0.0,0.5,0.9666666666666667,0.8181818181818182,0.5
2024-10-31,0.2726939093200599,0.31013292410860305,0.29270082538016895,0.3490671033548599,0.04118128590628657,-0.3165234876228369,1,0.7142857142857142,0.7671232876712328,0.0,0.0,0.0,0.0,0.0,0.0,0.0,0.0,0.0,0.0,0.0,0.0,0.0,0.0,0.0,0.0,0.0,0.0,0.75,0.9999999999999999,0.8181818181818182,0.5
2024-11-01,0.2726939093200599,0.31013292410860305,0.2137960022823144,0.32586881733393436,-0.03505333547913321,-0.31773912085128436,1,0.4285714285714285,0.547945205479452,0.0,0.0,0.0,0.0,0.0,0.0,0.0,0.0,0.0,0.0,0.0,0.0,0.0,0.0,0.0,0.0,0.0,0.0,1.0,0.0,0.9090909090909091,0.5
2024-11-04,0.2609605857117171,0.2530108945390877,0.2364572490543626,0.32586881733393436,-0.11128795686455298,-0.3187521485416573,1,0.6384839650145772,0.735812133072407,0.0,0.0,0.0,0.0,0.0,0.0,0.0,0.0,0.0,0.0,0.0,0.0,0.0,0.0,0.0,0.0,0.0,0.0,0.0,0.1,0.9090909090909091,0.5
2024-11-05,0.19195746830074867,0.24136465550064284,0.16874653580776078,0.27950029642390783,-0.47166980341381015,-0.31782016306651417,1,0.4285714285714285,0.48532289628180036,0.0,0.0,0.0,0.0,0.0,0.0,0.0,0.0,0.0,0.0,0.0,0.0,0.0,0.0,0.0,0.0,0.0,0.0,0.25,0.13333333333333333,0.9090909090909091,0.5
2024-11-06,0.34197639157884596,0.21862676023510763,0.22499011213356715,0.33745393477848484,0.9144142217756405,-0.32000830287771964,1,0.2755102040816326,0.3287671232876712,0.0,0.0,0.0,0.0,0.0,0.0,0.0,0.0,0.0,0.0,0.0,0.0,0.0,0.0,0.0,0.0,0.0,0.0,0.5,0.16666666666666669,0.9090909090909091,0.5
2024-11-07,0.23805266819066684,0.4019163793877757,0.28150671552891626,0.33745393477848484,-0.686512827318175,-0.3191168385101915,1,0.5816326530612244,0.6575342465753424,0.0,0.0,0.0,0.0,0.0,0.0,0.0,0.0,0.0,0.0,0.0,0.0,0.0,0.0,0.0,0.0,0.0,0.0,0.75,0.2,0.9090909090909091,0.5
2024-11-08,0.19195746830074867,0.24136465550064284,0.16874653580776078,0.19837642318023394,-0.32613098076891783,-0.31234981353850055,1,0.4285714285714285,0.547945205479452,0.0,0.0,0.0,0.0,0.0,0.0,0.0,0.0,0.0,0.0,0.0,0.0,0.0,0.0,0.0,0.0,0.0,0.0,1.0,0.23333333333333334,0.9090909090909091,0.5
2024-11-11,-0.015889978475609603,0.17287367829835992,0.07837457578911076,0.05927086045015639,-1.351833159409111,-0.3125524190765751,1,0.3061224489795918,0.31123287671232874,0.0,0.0,0.0,0.0,0.0,0.0,0.0,0.0,0.0,0.0,0.0,0.0,0.0,0.0,0.0,0.0,0.0,0.0,0.0,0.3333333333333333,0.9090909090909091,0.5
2024-11-12,-0.06226454321334545,-0.033431127525520625,-0.0682409605553456,0.036072574429230855,-0.3330614008948651,-0.3170502620218308,1,0.4285714285714285,0.5205479452054794,0.0,0.0,0.0,0.0,0.0,0.0,0.0,0.0,0.0,0.0,0.0,0.0,0.0,0.0,0.0,0.0,0.0,0.0,0.25,0.3666666666666667,0.9090909090909091,0.5
2024-11-13,-0.0969057843427385,-0.0794615008679456,-0.14714578365320016,-0.06824958483537065,-0.2568267795094453,-0.31640192429999214,1,0.4285714285714285,0.547945205479452,0.0,0.0,0.0,0.0,0.0,0.0,0.0,0.0,0.0,0.0,0.0,0.0,0.0,0.0,0.0,0.0,0.0,0.0,0.5,0.4,0.9090909090909091,0.5
2024-11-14,-0.2469247076208358,-0.0908304485007132,-0.20366238704854925,-0.14937345807904456,-1.0122425732376958,-0.31551045993246396,1,0.2755102040816326,0.3287671232876712,0.0,0.0,0.0,0.0,0.0,0.0,0.0,0.0,0.0,0.0,0.0,0.0,0.0,0.0,0.0,0.0,0.0,0.0,0.75,0.43333333333333335,0.9090909090909091,0.5
2024-11-15,-0.4315848720283261,-0.2397359333494012,-0.3502779233930056,-0.3348475417191486,-1.2548072776458497,-0.3142543055964016,1,0.1224489795918367,0.1095890410958904,0.0,0.0,0.0,0.0,0.0,0.0,0.0,0.0,0.0,0.0,0.0,0.0,0.0,0.0,0.0,0.0,0.0,0.0,1.0,0.4666666666666667,0.9090909090909091,0.5
2024-11-18,-0.4891340306787694,-0.4574096868060494,-0.3502779233930056,-0.3928011800737236,-0.4231568625321794,-0.3159156710086131,1,0.2755102040816326,0.3287671232876712,0.0,0.0,0.0,0.0,0.0,0.0,0.0,0.0,0.0,0.0,0.0,0.0,0.0,0.0,0.0,0.0,0.0,0.0,0.0,0.5666666666666667,0.9090909090909091,0.5
2024-11-19,-0.4547721543971941,-0.33151938862857383,-0.4406498834116556,-0.3580177766082476,0.19365052867712615,-0.31818485303504845,1,0.6734693877551019,0.6210045662100456,0.0,0.0,0.0,0.0,0.0,0.0,0.0,0.0,0.0,0.0,0.0,0.0,0.0,0.0,0.0,0.0,0.0,0.0,0.25,0.6,0.9090909090909091,0.5
2024-11-20,-0.36230238976954005,-0.44604073917328174,-0.29376131999765653,-0.3812160626291731,0.5886844758561195,-0.3145784744573209,1,0.4285714285714285,0.547945205479452,0.0,0.0,0.0,0.0,0.0,0.0,0.0,0.0,0.0,0.0,0.0,0.0,0.0,0.0,0.0,0.0,0.0,0.0,0.5,0.6333333333333333,0.9090909090909091,0.5
2024-11-21,-0.28156594875022883,-0.3542572838941091,-0.3390838135417529,-0.2421104998990976,0.5055194343447525,-0.3181038108198186,1,0.4285714285714285,0.6575342465753424,0.0,0.0,0.0,0.0,0.0,0.0,0.0,0.0,0.0,0.0,0.0,0.0,0.0,0.0,0.0,0.0,0.0,0.0,0.75,0.6666666666666666,0.9090909090909091,0.5
2024-11-22,-0.20055014288309994,-0.19398285141265348,-0.305228456918452,-0.2073270964336216,0.49858901421880525,-0.3161182765466877,1,0.7959183673469387,0.7671232876712328,0.0,0.0,0.0,0.0,0.0,0.0,0.0,0.0,0.0,0.0,0.0,0.0,0.0,0.0,0.0,0.0,0.0,0.0,1.0,0.7,0.9090909090909091,0.5
2024-11-25,-0.235191384012493,-0.2167207466781887,-0.305228456918452,-0.14937345807904456,-0.26375719963539257,-0.3198867395548749,1,0.45306122448979586,0.4164383561643835,0.0,0.0,0.0,0.0,0.0,0.0,0.0,0.0,0.0,0.0,0.0,0.0,0.0,0.0,0.0,0.0,0.0,0.0,0.0,0.8,0.9090909090909091,0.5
2024-11-26,-0.07371850197387057,-0.2627511200206137,-0.20366238704854925,-0.14937345807904456,1.0322313639167437,-0.3162803609771474,1,0.3795918367346938,0.4164383561643835,0.0,0.0,0.0,0.0,0.0,0.0,0.0,0.0,0.0,0.0,0.0,0.0,0.0,0.0,0.0,0.0,0.0,0.0,0.25,0.8333333333333334,0.9090909090909091,0.5
2024-11-27,-0.05053121960500265,-0.0908304485007132,-0.15861292057399562,-0.021881063925344123,0.11741590729170635,-0.319359965155881,1,0.7040816326530611,0.7123287671232876,0.0,0.0,0.0,0.0,0.0,0.0,0.0,0.0,0.0,0.0,0.0,0.0,0.0,0.0,0.0,0.0,0.0,0.0,0.5,0.8666666666666667,0.9090909090909091,0.5
2024-11-28,-0.10835974310326361,-0.033431127525520625,-0.13595167380194742,-0.01026789534896908,-0.4092960222802849,-0.3190357962949617,1,0.4285714285714285,0.4383561643835616,0.0,0.0,0.0,0.0,0.0,0.0,0.0,0.0,0.0,0.0,0.0,0.0,0.0,0.0,0.0,0.0,0.0,0.0,0.75,0.9,0.9090909090909091,0.5
2024-11-29,0.041659180174833686,-0.1252145828046933,-0.09090220732739379,-0.06824958483537065,0.9421359022794293,-0.31822537414266333,1,0.510204081632653,0.547945205479452,0.0,0.0,0.0,0.0,0.0,0.0,0.0,0.0,0.0,0.0,0.0,0.0,0.0,0.0,0.0,0.0,0.0,0.0,1.0,0.9333333333333333,0.9090909090909091,0.5
2024-12-02,-0.015889978475609603,0.058075036347974784,-0.011724357159996502,0.08244109533925534,-0.40236560215433764,-0.31887371186450203,1,0.4285714285714285,0.547945205479452,0.0,0.0,0.0,0.0,0.0,0.0,0.0,0.0,0.0,0.0,0.0,0.0,0.0,0.0,0.0,0.0,0.0,0.0,0.0,0.03333333333333333,0.9999999999999999,0.5
2024-12-03,-0.11981370186378874,-0.033431127525520625,-0.14714578365320016,-0.021881063925344123,-0.7073040876960167,-0.31846850078835287,1,0.18367346938775506,0.0,0.0,0.0,0.0,0.0,0.0,0.0,0.0,0.0,0.0,0.0,0.0,0.0,0.0,0.0,0.0,0.0,0.0,0.0,0.25,0.06666666666666668,0.9999999999999999,0.5
